,rank,player,team,pos,gp,pass_yds,pass_td,pass_int,rush_yds,rush_td,rec,rec_yds,rec_td,def_sck,def_int,fum_forced,fum_recovered,fpts_ppr_per_gp,fpts_ppr
0,1,Christian McCaffrey,SF,RB,17,0,0,0,1202,10,102,924,7,0,0,0,0,24.5,416.6
1,2,Puka Nacua,LAR,WR,16,0,0,0,105,1,129,1715,10,0,0,0,0,23.4,375
2,3,Bijan Robinson,ATL,RB,17,0,0,0,1478,7,79,820,4,0,0,0,0,21.8,370.8
3,4,Jahmyr Gibbs,DET,RB,17,0,0,0,1223,13,77,616,5,0,0,0,0,21.6,366.9
4,5,Josh Allen,BUF,QB,17,3668,25,10,579,14,0,0,0,0,0,0,0,21.4,364.6
5,6,Jonathan Taylor,IND,RB,17,0,0,0,1585,18,46,378,2,0,0,0,0,21.3,362.3
6,7,Jaxon Smith-Njigba,SEA,WR,17,0,0,0,36,0,119,1793,10,0,0,0,0,21.2,359.9
7,8,Drake Maye,NE,QB,17,4394,31,8,450,4,1,2,0,0,0,0,0,20.7,352
8,9,Matthew Stafford,LAR,QB,17,4707,46,8,1,0,0,0,0,0,0,0,0,20.6,350.4
9,10,Trevor Lawrence,JAX,QB,17,4007,29,12,359,9,0,0,0,0,0,0,0,19.9,338.2
10,11,Amon-Ra St. Brown,DET,WR,17,0,0,0,9,0,117,1401,11,0,0,0,0,19.1,324
11,12,De'Von Achane,MIA,RB,16,0,0,0,1350,8,67,488,4,0,0,0,0,20.2,322.8
12,13,Caleb Williams,CHI,QB,17,3942,27,7,383,3,2,22,1,0,0,0,0,18.7,318.2
13,14,Trey McBride,ARI,TE,17,0,0,0,0,0,126,1239,11,0,0,0,0,18.6,315.9
14,15,Dak Prescott,DAL,QB,17,4552,30,10,177,2,0,0,0,0,0,0,0,18.5,313.8
15,16,Ja'Marr Chase,CIN,WR,16,0,0,0,14,0,125,1412,8,0,0,0,0,19.6,313.6
16,17,Bo Nix,DEN,QB,17,3931,25,11,356,5,0,0,0,0,0,0,0,17.9,304.8
17,18,James Cook III,BUF,RB,17,0,0,0,1621,12,33,291,2,0,0,0,0,17.8,302.2
18,19,Jalen Hurts,PHI,QB,16,3224,25,6,421,8,0,0,0,0,0,0,1,18.7,299.1
19,20,Jared Goff,DET,QB,17,4564,34,8,45,0,0,0,0,0,0,0,0,17.5,297.1
20,21,George Pickens,DAL,WR,17,0,0,0,0,0,93,1429,9,0,0,0,0,17.2,291.9
21,22,Justin Herbert,LAC,QB,16,3727,26,13,498,2,0,0,0,0,0,0,0,17.9,286.9
22,23,Patrick Mahomes,KC,QB,14,3587,22,11,422,5,1,-10,0,0,0,0,0,20.4,285.7
23,24,Chase Brown,CIN,RB,17,0,0,0,1019,6,69,437,5,0,0,0,0,16.6,282.6
24,25,Derrick Henry,BAL,RB,17,0,0,0,1595,16,15,150,0,0,0,0,0,16.4,279.5
25,26,Baker Mayfield,TB,QB,17,3693,26,11,382,1,0,0,0,0,0,0,0,16,271.9
26,27,Chris Olave,NO,WR,16,0,0,1,-3,0,100,1163,9,0,0,0,0,16.8,268
27,28,Kyren Williams,LAR,RB,17,0,0,0,1252,10,36,281,3,0,0,0,0,15.5,263.3
28,29,Travis Etienne Jr.,JAX,RB,17,0,0,0,1107,7,36,292,6,0,0,0,0,14.9,253.9
29,30,Ashton Jeanty,LV,RB,17,0,0,0,975,5,55,346,5,0,0,0,0,14.4,245.1
30,31,Zay Flowers,BAL,WR,17,0,0,0,62,1,86,1211,5,0,0,0,0,14.3,243.3
31,32,Javonte Williams,DAL,RB,16,0,0,0,1201,11,35,137,2,0,0,0,0,15.2,242.8
32,33,Jaxson Dart,NYG,QB,14,2272,15,5,487,9,0,0,0,0,0,0,0,17.3,241.6
33,34,Josh Jacobs,GB,RB,15,0,0,0,929,13,36,282,1,0,0,0,0,15.8,237.1
34,35,Sam Darnold,SEA,QB,17,4048,25,14,95,0,0,0,0,0,0,1,0,13.8,235.4
35,36,Jordan Love,GB,QB,15,3381,23,6,199,0,0,0,0,0,0,0,0,15.7,235.1
36,37,Saquon Barkley,PHI,RB,16,0,0,0,1140,7,37,273,2,0,0,0,0,14.5,232.3
37,38,D'Andre Swift,CHI,RB,16,0,0,0,1087,9,34,299,1,0,0,0,0,14.3,228.6
38,39,Jacoby Brissett,ARI,QB,14,3366,23,8,168,1,0,0,0,0,0,0,0,16.2,227.4
39,40,Aaron Rodgers,PIT,QB,16,3322,24,7,61,1,1,-9,0,0,0,0,0,14.2,227.1
40,41,Daniel Jones,IND,QB,13,3101,19,8,164,5,0,0,0,0,0,0,0,17.4,226.4
41,42,Nico Collins,HOU,WR,15,0,0,0,15,1,71,1117,6,0,0,0,0,15.1,226.2
42,43,Davante Adams,LAR,WR,14,0,0,0,0,0,60,789,14,0,0,0,0,15.9,222.9
43,44,Kenny Gainwell,PIT,RB,17,0,0,0,537,5,73,486,3,0,0,1,0,13,221.3
44,45,Michael Wilson,ARI,WR,17,0,0,0,0,0,78,1006,7,0,0,0,0,13,220.6
45,46,A.J. Brown,PHI,WR,15,0,0,0,0,0,78,1003,7,0,0,0,0,14.7,220.3
46,47,Jameson Williams,DET,WR,17,0,0,0,12,0,65,1117,7,0,0,0,0,12.9,219.9
47,48,Courtland Sutton,DEN,WR,17,0,0,0,0,0,74,1017,7,0,0,0,0,12.9,219.7
48,49,Bryce Young,CAR,QB,16,3011,23,11,216,2,0,0,0,0,0,0,0,13.6,218
49,50,Wan'Dale Robinson,NYG,WR,16,0,0,0,5,0,92,1014,4,0,0,0,0,13.6,217.9
50,51,Jaylen Warren,PIT,RB,16,0,0,0,958,6,40,333,2,0,0,0,0,13.6,217.1
51,52,Rico Dowdle,CAR,RB,17,0,0,0,1076,6,39,297,1,0,0,0,0,12.7,216.3
52,53,Lamar Jackson,BAL,QB,13,2549,21,7,349,2,0,0,0,0,0,0,0,16.5,214.9
53,54,Tee Higgins,CIN,WR,15,0,0,0,0,0,59,846,11,0,0,0,0,14.1,211.6
54,55,Tetairoa McMillan,CAR,WR,17,0,0,0,0,0,70,1014,7,0,0,0,0,12.4,211.4
55,56,Kyle Pitts Sr.,ATL,TE,17,0,0,0,0,0,88,928,5,0,0,0,0,12.4,210.8
56,57,Stefon Diggs,NE,WR,17,0,0,0,0,0,85,1013,4,0,0,0,0,12.4,210.3
57,58,C.J. Stroud,HOU,QB,14,3041,19,8,209,1,0,0,0,0,0,0,0,14.9,208.5
58,59,Breece Hall,NYJ,RB,16,4,1,0,1065,4,36,350,1,0,0,0,0,13,207.7
59,60,RJ Harvey,DEN,RB,17,0,0,0,540,7,47,356,5,0,0,0,0,12.2,206.6
60,61,TreVeyon Henderson,NE,RB,17,0,0,0,911,9,35,221,1,0,0,0,0,12.1,206.2
61,62,Michael Pittman Jr.,IND,WR,17,0,0,0,0,0,80,784,7,0,0,0,0,11.9,202.4
62,63,Drake London,ATL,WR,12,0,0,0,0,0,68,919,7,0,0,0,0,16.8,201.9
63,64,DeVonta Smith,PHI,WR,17,0,0,0,0,0,77,1008,4,0,0,0,0,11.9,201.8
64,65,Justin Jefferson,MIN,WR,17,0,0,0,7,0,84,1048,2,0,0,0,0,11.9,201.5
65,66,CeeDee Lamb,DAL,WR,14,0,0,0,2,0,75,1077,3,0,0,0,0,14.3,200.9
66,67,Myles Garrett,CLE,DE,17,0,0,0,0,0,0,0,0,23,0,3,0,11.5,196
67,68,Emeka Egbuka,TB,WR,17,0,0,0,9,0,63,938,6,0,0,0,0,11.5,195.7
68,69,Jaylen Waddle,MIA,WR,16,8,0,0,28,0,64,910,6,0,0,0,0,12.1,194.1
69,70,Travis Kelce,KC,TE,17,0,0,0,1,0,76,851,5,0,0,0,0,11.4,193.2
70,71,Kenneth Walker III,SEA,RB,17,0,0,0,1027,5,31,282,0,0,0,0,0,11.3,191.9
71,72,Jason Myers,SEA,K,17,0,0,0,0,0,0,0,0,0,0,0,0,11.1,189
72,73,Tyler Warren,IND,TE,17,0,0,0,8,1,76,817,4,0,0,0,0,11.1,188.5
73,74,Deebo Samuel Sr.,WAS,WR,16,0,0,0,75,1,72,727,5,0,0,0,0,11.8,188.2
74,75,Jake Ferguson,DAL,TE,17,0,0,0,1,0,82,600,8,0,0,0,0,11.1,188.1
75,76,DK Metcalf,PIT,WR,15,0,0,0,12,1,59,850,6,0,0,0,0,12.5,187.2
76,77,Cam Ward,TEN,QB,17,3169,15,7,159,2,0,0,0,0,0,0,0,11,186.7
77,78,Harold Fannin Jr.,CLE,TE,16,0,0,0,13,1,72,731,6,0,0,0,0,11.7,186.4
78,79,Tony Pollard,TEN,RB,17,0,0,0,1082,5,33,206,0,0,0,0,0,10.9,185.8
79,80,Dallas Goedert,PHI,TE,15,0,0,0,0,0,60,591,11,0,0,0,0,12.3,185.1
80,81,Alec Pierce,IND,WR,15,0,0,0,0,0,47,1003,6,0,0,0,0,12.2,183.3
81,82,Keenan Allen,LAC,WR,17,0,0,0,0,0,81,777,4,0,0,0,0,10.7,182.7
82,83,Zach Charbonnet,SEA,RB,16,0,0,0,730,12,20,144,0,0,0,0,0,11.3,181.4
83,84,Ladd McConkey,LAC,WR,16,0,0,0,0,0,66,789,6,0,0,0,0,11.3,180.9
84,85,Juwan Johnson,NO,TE,17,0,0,0,0,0,77,889,3,0,0,0,0,10.6,179.9
85,86,Rhamondre Stevenson,NE,RB,14,0,0,0,603,7,32,345,2,0,0,0,0,12.8,178.8
86,87,Hunter Henry,NE,TE,17,0,0,0,0,0,60,768,7,0,0,0,0,10.5,178.8
87,88,Ka'imi Fairbairn,HOU,K,15,0,0,0,0,0,0,0,0,0,0,0,0,11.9,178
88,89,Dalton Schultz,HOU,TE,17,0,0,0,0,0,82,777,3,0,0,0,0,10.5,177.7
89,90,Brandon Aubrey,DAL,K,17,0,0,0,6,0,0,0,0,0,0,0,0,10.4,177.6
90,91,Brock Purdy,SF,QB,9,2167,20,10,147,3,0,0,0,0,0,0,0,19.7,177.4
91,92,Troy Franklin,DEN,WR,17,0,0,0,12,0,65,709,6,0,0,0,0,10.4,177.1
92,93,Jordyn Brooks,MIA,LB,17,0,0,0,0,0,0,0,0,4,0,1,1,10.4,176.5
93,94,Brock Bowers,LV,TE,12,0,0,0,2,0,64,680,7,0,0,0,0,14.7,176.2
94,95,Jakobi Meyers,JAX,WR,16,0,0,0,13,0,75,835,3,0,0,0,0,11,175.8
95,96,Geno Smith,LV,QB,15,3025,19,17,109,0,0,0,0,0,0,0,0,11.6,173.9
96,97,Jauan Jennings,SF,WR,15,0,0,0,0,0,55,643,9,0,0,0,0,11.6,173.3
97,98,Jack Campbell,DET,LB,17,0,0,0,0,0,0,0,0,5,0,3,2,10.2,172.8
98,99,Parker Washington,JAX,WR,16,0,0,0,0,0,58,847,5,0,0,0,0,10.8,172.7
99,100,Brian Burns,NYG,OLB,17,0,0,0,0,0,0,0,0,17,0,3,1,10.1,171.6
