Player,Tm,FantPos,Age,G,Cmp,Att,Yds,TD,Int,Att.1,Yds.1,Y/A,TD.1,Tgt,Rec,Yds.2,Y/R,TD.2,Fmb,FL,TD.3,2PM,2PP,PPR,-9999
Jonathan Taylor,IND,RB,26,17,0.0,0.0,0.0,0.0,0.0,323.0,1585.0,4.91,18.0,55.0,46.0,378.0,8.22,2.0,2.0,1.0,20,1.0,0.0,362.3,TaylJo02
Christian McCaffrey,SFO,RB,29,17,0.0,1.0,0.0,0.0,0.0,311.0,1202.0,3.86,10.0,129.0,102.0,924.0,9.06,7.0,2.0,0.0,17,0.0,0.0,416.6,McCaCh01
Bijan Robinson,ATL,RB,23,17,0.0,0.0,0.0,0.0,0.0,287.0,1478.0,5.15,7.0,103.0,79.0,820.0,10.38,4.0,4.0,3.0,11,1.0,0.0,370.8,RobiBi01
Jahmyr Gibbs,DET,RB,23,17,0.0,0.0,0.0,0.0,0.0,243.0,1223.0,5.03,13.0,94.0,77.0,616.0,8.0,5.0,2.0,1.0,18,0.0,0.0,366.9,GibbJa01
Puka Nacua,LAR,WR,24,16,0.0,0.0,0.0,0.0,0.0,10.0,105.0,10.5,1.0,166.0,129.0,1715.0,13.29,10.0,1.0,1.0,11,0.0,0.0,375.0,NacuPu00
Jaxon Smith-Njigba,SEA,WR,23,17,0.0,0.0,0.0,0.0,0.0,7.0,36.0,5.14,0.0,163.0,119.0,1793.0,15.07,10.0,3.0,1.0,10,0.0,0.0,359.9,SmitJa06
James Cook,BUF,RB,26,17,0.0,0.0,0.0,0.0,0.0,309.0,1621.0,5.25,12.0,40.0,33.0,291.0,8.82,2.0,6.0,3.0,14,0.0,0.0,302.2,CookJa01
Derrick Henry,BAL,RB,31,17,0.0,1.0,0.0,0.0,0.0,307.0,1595.0,5.2,16.0,21.0,15.0,150.0,10.0,0.0,4.0,3.0,16,0.0,0.0,279.5,HenrDe00
De'Von Achane,MIA,RB,24,16,0.0,0.0,0.0,0.0,0.0,238.0,1350.0,5.67,8.0,85.0,67.0,488.0,7.28,4.0,1.0,0.0,12,0.0,0.0,322.8,AchaDe00
Josh Allen,BUF,QB,29,17,319.0,460.0,3668.0,25.0,10.0,112.0,579.0,5.17,14.0,0.0,0.0,0.0,0.0,0.0,7.0,3.0,14,0.0,1.0,364.6,AlleJo02
Amon-Ra St. Brown,DET,WR,26,17,0.0,0.0,0.0,0.0,0.0,3.0,9.0,3.0,0.0,172.0,117.0,1401.0,11.97,11.0,1.0,0.0,11,0.0,0.0,324.0,StxxAm00
Trey McBride,ARI,TE,26,17,0.0,0.0,0.0,0.0,0.0,0.0,0.0,0.0,0.0,169.0,126.0,1239.0,9.83,11.0,0.0,0.0,11,0.0,0.0,315.9,McBrTr01
George Pickens,DAL,WR,24,17,0.0,0.0,0.0,0.0,0.0,0.0,0.0,0.0,0.0,137.0,93.0,1429.0,15.37,9.0,4.0,0.0,9,1.0,0.0,291.9,PickGe00
Drake Maye,NWE,QB,23,17,354.0,492.0,4394.0,31.0,8.0,103.0,450.0,4.37,4.0,1.0,1.0,2.0,2.0,0.0,8.0,3.0,4,1.0,1.0,352.0,MayeDr00
Matthew Stafford,LAR,QB,37,17,388.0,597.0,4707.0,46.0,8.0,29.0,1.0,0.03,0.0,0.0,0.0,0.0,0.0,0.0,7.0,3.0,0,0.0,0.0,350.4,StafMa00
Kyren Williams,LAR,RB,25,17,0.0,0.0,0.0,0.0,0.0,259.0,1252.0,4.83,10.0,50.0,36.0,281.0,7.81,3.0,2.0,2.0,13,0.0,0.0,263.3,WillKy02
Ja'Marr Chase,CIN,WR,25,16,0.0,0.0,0.0,0.0,0.0,3.0,14.0,4.67,0.0,185.0,125.0,1412.0,11.3,8.0,1.0,1.0,8,0.0,0.0,313.6,ChasJa00
Travis Etienne,JAX,RB,26,17,0.0,0.0,0.0,0.0,0.0,260.0,1107.0,4.26,7.0,52.0,36.0,292.0,8.11,6.0,1.0,0.0,13,0.0,0.0,253.9,EtieTr00
Trevor Lawrence,JAX,QB,26,17,341.0,560.0,4007.0,29.0,12.0,82.0,359.0,4.38,9.0,0.0,0.0,0.0,0.0,0.0,5.0,3.0,9,1.0,0.0,338.2,LawrTr00
Chase Brown,CIN,RB,25,17,0.0,0.0,0.0,0.0,0.0,232.0,1019.0,4.39,6.0,88.0,69.0,437.0,6.33,5.0,2.0,0.0,11,1.0,0.0,282.6,BrowCh10
Javonte Williams,DAL,RB,25,16,0.0,0.0,0.0,0.0,0.0,252.0,1201.0,4.77,11.0,51.0,35.0,137.0,3.91,2.0,2.0,2.0,13,0.0,0.0,242.8,WillJa10
Josh Jacobs,GNB,RB,27,15,0.0,0.0,0.0,0.0,0.0,234.0,929.0,3.97,13.0,44.0,36.0,282.0,7.83,1.0,3.0,2.0,14,0.0,0.0,237.1,JacoJo01
Chris Olave,NOR,WR,25,16,0.0,1.0,0.0,0.0,1.0,1.0,-3.0,-3.0,0.0,156.0,100.0,1163.0,11.63,9.0,0.0,0.0,9,0.0,0.0,268.0,OlavCh00
D'Andre Swift,CHI,RB,26,16,0.0,0.0,0.0,0.0,0.0,223.0,1087.0,4.87,9.0,48.0,34.0,299.0,8.79,1.0,2.0,2.0,10,0.0,0.0,228.6,SwifDA00
Saquon Barkley,PHI,RB,28,16,0.0,0.0,0.0,0.0,0.0,280.0,1140.0,4.07,7.0,50.0,37.0,273.0,7.38,2.0,1.0,1.0,9,1.0,0.0,232.3,BarkSa00
Davante Adams,LAR,WR,33,14,0.0,0.0,0.0,0.0,0.0,0.0,0.0,0.0,0.0,114.0,60.0,789.0,13.15,14.0,0.0,0.0,14,0.0,0.0,222.9,AdamDa01
Caleb Williams,CHI,QB,24,17,330.0,568.0,3942.0,27.0,7.0,77.0,388.0,5.04,3.0,2.0,2.0,22.0,11.0,1.0,9.0,1.0,4,0.0,1.0,318.7,WillCa03
Dak Prescott,DAL,QB,32,17,404.0,600.0,4552.0,30.0,10.0,53.0,177.0,3.34,2.0,0.0,0.0,0.0,0.0,0.0,6.0,2.0,2,0.0,3.0,313.8,PresDa01
Ashton Jeanty,LVR,RB,22,17,0.0,0.0,0.0,0.0,0.0,266.0,975.0,3.67,5.0,73.0,55.0,346.0,6.29,5.0,2.0,1.0,10,0.0,0.0,245.1,JeanAs00
Zay Flowers,BAL,WR,25,17,0.0,0.0,0.0,0.0,0.0,10.0,62.0,6.2,1.0,118.0,86.0,1211.0,14.08,5.0,3.0,3.0,6,0.0,0.0,243.3,FlowZa00
Nico Collins,HOU,WR,26,15,0.0,0.0,0.0,0.0,0.0,2.0,15.0,7.5,1.0,120.0,71.0,1117.0,15.73,6.0,1.0,1.0,7,1.0,0.0,226.2,CollNi00
Jameson Williams,DET,WR,24,17,0.0,0.0,0.0,0.0,0.0,6.0,12.0,2.0,0.0,102.0,65.0,1117.0,17.18,7.0,0.0,0.0,7,0.0,0.0,219.9,WillJa11
Tee Higgins,CIN,WR,26,15,0.0,0.0,0.0,0.0,0.0,0.0,0.0,0.0,0.0,98.0,59.0,846.0,14.34,11.0,0.0,0.0,11,1.0,0.0,211.6,HiggTe00
Bo Nix,DEN,QB,25,17,388.0,612.0,3931.0,25.0,11.0,83.0,356.0,4.29,5.0,1.0,0.0,0.0,0.0,0.0,4.0,2.0,5,0.0,4.0,304.8,NixxBo00
Rico Dowdle,CAR,RB,27,17,0.0,0.0,0.0,0.0,0.0,236.0,1076.0,4.56,6.0,50.0,39.0,297.0,7.62,1.0,2.0,1.0,7,0.0,0.0,216.3,DowdRi01
Jaylen Warren,PIT,RB,27,16,0.0,0.0,0.0,0.0,0.0,211.0,958.0,4.54,6.0,45.0,40.0,333.0,8.33,2.0,1.0,0.0,8,0.0,0.0,217.1,WarrJa01
Courtland Sutton,DEN,WR,30,17,0.0,0.0,0.0,0.0,0.0,0.0,0.0,0.0,0.0,124.0,74.0,1017.0,13.74,7.0,0.0,0.0,7,1.0,0.0,219.7,SuttCo00
Jalen Hurts,PHI,QB,27,16,294.0,454.0,3224.0,25.0,6.0,105.0,421.0,4.01,8.0,0.0,0.0,0.0,0.0,0.0,8.0,4.0,8,0.0,0.0,299.1,HurtJa00
Jared Goff,DET,QB,31,17,393.0,578.0,4564.0,34.0,8.0,19.0,45.0,2.37,0.0,0.0,0.0,0.0,0.0,0.0,6.0,5.0,0,0.0,0.0,297.1,GoffJa00
Michael Wilson,ARI,WR,25,17,0.0,0.0,0.0,0.0,0.0,0.0,0.0,0.0,0.0,126.0,78.0,1006.0,12.9,7.0,0.0,0.0,7,0.0,0.0,220.6,WilsMi02
A.J. Brown,PHI,WR,28,15,0.0,0.0,0.0,0.0,0.0,0.0,0.0,0.0,0.0,121.0,78.0,1003.0,12.86,7.0,0.0,0.0,7,0.0,0.0,220.3,BrowAJ00
Breece Hall,NYJ,RB,24,16,1.0,1.0,4.0,1.0,0.0,243.0,1065.0,4.38,4.0,48.0,36.0,350.0,9.72,1.0,2.0,2.0,5,0.0,0.0,207.7,HallBr03
TreVeyon Henderson,NWE,RB,23,17,0.0,0.0,0.0,0.0,0.0,180.0,911.0,5.06,9.0,42.0,35.0,221.0,6.31,1.0,1.0,1.0,10,0.0,0.0,206.2,HendTr02
Tetairoa McMillan,CAR,WR,22,17,0.0,0.0,0.0,0.0,0.0,0.0,0.0,0.0,0.0,122.0,70.0,1014.0,14.49,7.0,1.0,1.0,7,0.0,0.0,211.4,McMiTe00
Dallas Goedert,PHI,TE,30,15,0.0,0.0,0.0,0.0,0.0,0.0,0.0,0.0,0.0,82.0,60.0,591.0,9.85,11.0,0.0,0.0,11,0.0,0.0,185.1,GoedDa00
Kyle Pitts,ATL,TE,25,17,0.0,0.0,0.0,0.0,0.0,0.0,0.0,0.0,0.0,118.0,88.0,928.0,10.55,5.0,0.0,0.0,5,0.0,0.0,210.8,PittKy00
Alec Pierce,IND,WR,25,15,0.0,0.0,0.0,0.0,0.0,0.0,0.0,0.0,0.0,84.0,47.0,1003.0,21.34,6.0,0.0,0.0,6,0.0,0.0,183.3,PierAl00
Drake London,ATL,WR,24,12,0.0,0.0,0.0,0.0,0.0,0.0,0.0,0.0,0.0,112.0,68.0,919.0,13.51,7.0,1.0,1.0,7,1.0,0.0,201.9,LondDr00
Hunter Henry,NWE,TE,31,17,0.0,0.0,0.0,0.0,0.0,0.0,0.0,0.0,0.0,87.0,60.0,768.0,12.8,7.0,0.0,0.0,7,0.0,0.0,178.8,HenrHu00
Justin Herbert,LAC,QB,27,16,340.0,512.0,3727.0,26.0,13.0,83.0,498.0,6.0,2.0,0.0,0.0,0.0,0.0,0.0,7.0,2.0,2,1.0,0.0,286.9,HerbJu00
Emeka Egbuka,TAM,WR,23,17,0.0,0.0,0.0,0.0,0.0,2.0,9.0,4.5,0.0,127.0,63.0,938.0,14.89,6.0,0.0,0.0,6,1.0,0.0,195.7,EgbuEm01
Travis Kelce,KAN,TE,36,17,0.0,0.0,0.0,0.0,0.0,1.0,1.0,1.0,0.0,108.0,76.0,851.0,11.2,5.0,1.0,0.0,5,1.0,0.0,193.2,KelcTr00
Patrick Mahomes,KAN,QB,30,14,315.0,502.0,3587.0,22.0,11.0,64.0,422.0,6.59,5.0,1.0,1.0,-10.0,-10.0,0.0,3.0,0.0,5,0.0,2.0,285.7,MahoPa00
Zach Charbonnet,SEA,RB,24,16,0.0,0.0,0.0,0.0,0.0,184.0,730.0,3.97,12.0,24.0,20.0,144.0,7.2,0.0,0.0,0.0,12,1.0,0.0,181.4,CharZa00
Kenneth Walker III,SEA,RB,25,17,0.0,0.0,0.0,0.0,0.0,221.0,1027.0,4.65,5.0,36.0,31.0,282.0,9.1,0.0,1.0,0.0,5,0.0,0.0,191.9,WalkKe00
Jaylen Waddle,MIA,WR,27,16,1.0,1.0,8.0,0.0,0.0,2.0,28.0,14.0,0.0,100.0,64.0,910.0,14.22,6.0,1.0,0.0,6,0.0,0.0,194.1,WaddJa00
RJ Harvey,DEN,RB,24,17,0.0,1.0,0.0,0.0,0.0,146.0,540.0,3.7,7.0,58.0,47.0,356.0,7.57,5.0,1.0,1.0,12,0.0,0.0,206.6,HarvRJ00
Harold Fannin,CLE,TE,21,16,0.0,0.0,0.0,0.0,0.0,7.0,13.0,1.86,1.0,107.0,72.0,731.0,10.15,6.0,1.0,1.0,7,0.0,0.0,186.4,FannHa00
D.K. Metcalf,PIT,WR,28,15,0.0,0.0,0.0,0.0,0.0,2.0,12.0,6.0,1.0,99.0,59.0,850.0,14.41,6.0,0.0,0.0,7,0.0,0.0,187.2,MetcDK00
Parker Washington,JAX,WR,23,16,0.0,0.0,0.0,0.0,0.0,7.0,0.0,0.0,0.0,95.0,58.0,847.0,14.6,5.0,2.0,0.0,7,0.0,0.0,184.7,WashPa01
Tyler Warren,IND,TE,23,17,0.0,1.0,0.0,0.0,0.0,6.0,8.0,1.33,1.0,112.0,76.0,817.0,10.75,4.0,1.0,0.0,5,0.0,0.0,188.5,WarrTy00
Brock Bowers,LVR,TE,23,12,0.0,0.0,0.0,0.0,0.0,2.0,2.0,1.0,0.0,86.0,64.0,680.0,10.63,7.0,0.0,0.0,7,1.0,0.0,176.2,BoweBr01
CeeDee Lamb,DAL,WR,26,14,0.0,0.0,0.0,0.0,0.0,1.0,2.0,2.0,0.0,117.0,75.0,1077.0,14.36,3.0,0.0,0.0,3,0.0,0.0,200.9,LambCe00
Wan'Dale Robinson,NYG,WR,24,16,0.0,0.0,0.0,0.0,0.0,3.0,5.0,1.67,0.0,140.0,92.0,1014.0,11.02,4.0,1.0,0.0,4,0.0,0.0,217.9,RobiWa01
Stefon Diggs,NWE,WR,32,17,0.0,0.0,0.0,0.0,0.0,0.0,0.0,0.0,0.0,102.0,85.0,1013.0,11.92,4.0,0.0,0.0,4,0.0,0.0,210.3,DiggSt00
DeVonta Smith,PHI,WR,27,17,0.0,0.0,0.0,0.0,0.0,0.0,0.0,0.0,0.0,113.0,77.0,1008.0,13.09,4.0,0.0,0.0,4,0.0,0.0,201.8,SmitDe07
Michael Pittman Jr.,IND,WR,28,17,0.0,0.0,0.0,0.0,0.0,0.0,0.0,0.0,0.0,111.0,80.0,784.0,9.8,7.0,0.0,0.0,7,1.0,0.0,202.4,PittMi01
Tony Pollard,TEN,RB,28,17,0.0,0.0,0.0,0.0,0.0,242.0,1082.0,4.47,5.0,41.0,33.0,206.0,6.24,0.0,4.0,3.0,5,0.0,0.0,185.8,PollTo00
Colston Loveland,CHI,TE,21,16,0.0,0.0,0.0,0.0,0.0,1.0,-2.0,-2.0,0.0,82.0,58.0,713.0,12.29,6.0,0.0,0.0,6,0.0,0.0,165.1,LoveCo00
Quentin Johnston,LAC,WR,24,14,0.0,0.0,0.0,0.0,0.0,2.0,7.0,3.5,0.0,84.0,51.0,735.0,14.41,8.0,1.0,1.0,8,0.0,0.0,171.2,JohnQu02
D.J. Moore,CHI,WR,28,17,1.0,1.0,2.0,1.0,0.0,15.0,79.0,5.27,1.0,85.0,50.0,682.0,13.64,6.0,1.0,1.0,7,0.0,0.0,170.2,MoorD.00
Jake Ferguson,DAL,TE,26,17,0.0,0.0,0.0,0.0,0.0,1.0,1.0,1.0,0.0,102.0,82.0,600.0,7.32,8.0,3.0,2.0,8,1.0,0.0,188.1,FergJa00
George Kittle,SFO,TE,32,11,0.0,0.0,0.0,0.0,0.0,1.0,-3.0,-3.0,0.0,69.0,57.0,628.0,11.02,7.0,0.0,0.0,7,0.0,0.0,161.5,KittGe00
Jauan Jennings,SFO,WR,28,15,0.0,0.0,0.0,0.0,0.0,0.0,0.0,0.0,0.0,90.0,55.0,643.0,11.69,9.0,1.0,1.0,9,1.0,0.0,173.3,JennJa00
Baker Mayfield,TAM,QB,30,17,343.0,543.0,3693.0,26.0,11.0,55.0,382.0,6.95,1.0,0.0,0.0,0.0,0.0,0.0,11.0,3.0,1,0.0,2.0,271.9,MayfBa00
Jaxson Dart,NYG,QB,22,14,216.0,339.0,2272.0,15.0,5.0,86.0,487.0,5.66,9.0,0.0,0.0,0.0,0.0,0.0,5.0,2.0,9,0.0,1.0,241.6,DartJa00
Jordan Love,GNB,QB,27,15,291.0,439.0,3381.0,23.0,6.0,47.0,199.0,4.23,0.0,0.0,0.0,0.0,0.0,0.0,7.0,2.0,0,0.0,2.0,235.1,LoveJo03
Sam Darnold,SEA,QB,28,17,323.0,477.0,4048.0,25.0,14.0,35.0,95.0,2.71,0.0,0.0,0.0,0.0,0.0,0.0,11.0,6.0,0,0.0,2.0,235.4,DarnSa00
Jacoby Brissett,ARI,QB,33,14,315.0,485.0,3366.0,23.0,8.0,38.0,168.0,4.42,1.0,0.0,0.0,0.0,0.0,0.0,5.0,4.0,1,0.0,1.0,227.4,BrisJa00
Daniel Jones,IND,QB,28,13,261.0,384.0,3101.0,19.0,8.0,45.0,164.0,3.64,5.0,0.0,0.0,0.0,0.0,0.0,9.0,3.0,5,0.0,1.0,226.4,JoneDa05
Aaron Rodgers,PIT,QB,42,16,327.0,498.0,3322.0,24.0,7.0,21.0,61.0,2.9,1.0,1.0,1.0,-9.0,-9.0,0.0,4.0,1.0,1,0.0,1.0,227.1,RodgAa00
Bryce Young,CAR,QB,24,16,304.0,478.0,3011.0,23.0,11.0,54.0,216.0,4.0,2.0,0.0,0.0,0.0,0.0,0.0,7.0,4.0,2,0.0,1.0,218.0,YounBr01
Lamar Jackson,BAL,QB,28,13,192.0,302.0,2549.0,21.0,7.0,67.0,349.0,5.21,2.0,0.0,0.0,0.0,0.0,0.0,7.0,3.0,2,0.0,1.0,214.9,JackLa00
C.J. Stroud,HOU,QB,24,14,273.0,423.0,3041.0,19.0,8.0,48.0,209.0,4.35,1.0,0.0,0.0,0.0,0.0,0.0,2.0,0.0,1,0.0,0.0,208.5,StroCJ00
Cam Ward,TEN,QB,23,17,323.0,540.0,3169.0,15.0,7.0,39.0,159.0,4.08,2.0,0.0,0.0,0.0,0.0,0.0,11.0,7.0,2,0.0,0.0,186.7,WardCa00
Brock Purdy,SFO,QB,26,9,197.0,284.0,2167.0,20.0,10.0,33.0,147.0,4.45,3.0,0.0,0.0,0.0,0.0,0.0,3.0,2.0,3,0.0,1.0,177.4,PurdBr00
Geno Smith,LVR,QB,35,15,302.0,448.0,3025.0,19.0,17.0,41.0,109.0,2.66,0.0,0.0,0.0,0.0,0.0,0.0,4.0,1.0,0,0.0,1.0,173.9,SmitGe00
Tua Tagovailoa,MIA,QB,27,14,260.0,384.0,2660.0,20.0,15.0,20.0,43.0,2.15,0.0,0.0,0.0,0.0,0.0,0.0,8.0,1.0,0,0.0,1.0,160.7,TagoTu00
Tyler Shough,NOR,QB,26,11,221.0,327.0,2384.0,10.0,6.0,45.0,186.0,4.13,3.0,0.0,0.0,0.0,0.0,0.0,3.0,2.0,3,1.0,0.0,158.0,ShouTy00
Kenneth Gainwell,PIT,RB,26,17,0.0,0.0,0.0,0.0,0.0,114.0,537.0,4.71,5.0,85.0,73.0,486.0,6.66,3.0,2.0,1.0,8,0.0,0.0,221.3,GainKe00
Joe Flacco,2TM,QB,40,13,251.0,416.0,2479.0,15.0,10.0,21.0,35.0,1.67,1.0,0.0,0.0,0.0,0.0,0.0,3.0,3.0,1,0.0,2.0,146.7,FlacJo00
Rhamondre Stevenson,NWE,RB,27,14,0.0,0.0,0.0,0.0,0.0,130.0,603.0,4.64,7.0,37.0,32.0,345.0,10.78,2.0,3.0,3.0,9,2.0,0.0,178.8,StevRh00
Quinshon Judkins,CLE,RB,22,14,0.0,0.0,0.0,0.0,0.0,230.0,827.0,3.6,7.0,36.0,26.0,171.0,6.58,0.0,0.0,0.0,7,1.0,0.0,169.8,JudkQu00
Justin Fields,NYJ,QB,26,9,128.0,204.0,1259.0,7.0,1.0,71.0,383.0,5.39,4.0,1.0,0.0,0.0,0.0,0.0,4.0,3.0,4,2.0,3.0,142.7,FielJu00
David Montgomery,DET,RB,28,17,1.0,2.0,3.0,1.0,0.0,158.0,716.0,4.53,8.0,29.0,24.0,192.0,8.0,0.0,2.0,1.0,8,1.0,0.0,166.9,MontDa01
Joe Burrow,CIN,QB,29,8,173.0,259.0,1809.0,17.0,5.0,14.0,41.0,2.93,0.0,0.0,0.0,0.0,0.0,0.0,0.0,0.0,0,0.0,0.0,134.5,BurrJo01
Jacory Croskey-Merritt,WAS,RB,24,17,0.0,0.0,0.0,0.0,0.0,175.0,805.0,4.6,8.0,13.0,9.0,68.0,7.56,0.0,4.0,2.0,8,0.0,0.0,140.3,CrosJa00
Mac Jones,SFO,QB,27,11,201.0,289.0,2151.0,13.0,6.0,36.0,60.0,1.67,0.0,0.0,0.0,0.0,0.0,0.0,4.0,2.0,0,0.0,1.0,130.0,JoneMa05
Kyle Monangai,CHI,RB,23,17,0.0,0.0,0.0,0.0,0.0,169.0,783.0,4.63,5.0,30.0,18.0,164.0,9.11,0.0,0.0,0.0,5,2.0,0.0,146.7,MonaKy00
Kareem Hunt,KAN,RB,30,17,0.0,0.0,0.0,0.0,0.0,163.0,611.0,3.75,8.0,25.0,18.0,143.0,7.94,1.0,2.0,1.0,9,0.0,0.0,145.4,HuntKa00
Woody Marks,HOU,RB,25,16,0.0,0.0,0.0,0.0,0.0,196.0,703.0,3.59,2.0,36.0,24.0,208.0,8.67,3.0,1.0,0.0,6,0.0,0.0,151.1,MarkWo00
Marcus Mariota,WAS,QB,32,11,139.0,227.0,1695.0,10.0,7.0,50.0,297.0,5.94,1.0,0.0,0.0,0.0,0.0,0.0,6.0,3.0,1,0.0,1.0,125.5,MariMa01
J.J. McCarthy,MIN,QB,22,10,140.0,243.0,1632.0,11.0,12.0,37.0,181.0,4.89,4.0,0.0,0.0,0.0,0.0,0.0,6.0,2.0,4,0.0,1.0,125.4,McCaJJ00
Tyrone Tracy Jr.,NYG,RB,26,15,0.0,0.0,0.0,0.0,0.0,176.0,740.0,4.2,2.0,48.0,36.0,288.0,8.0,2.0,1.0,1.0,4,0.0,0.0,160.8,TracTy00
Michael Penix,ATL,QB,25,9,166.0,276.0,1982.0,9.0,3.0,21.0,70.0,3.33,1.0,0.0,0.0,0.0,0.0,0.0,4.0,2.0,1,0.0,1.0,120.3,PeniMi00
Justin Jefferson,MIN,WR,26,17,0.0,0.0,0.0,0.0,0.0,2.0,7.0,3.5,0.0,141.0,84.0,1048.0,12.48,2.0,0.0,0.0,2,0.0,0.0,201.5,JeffJu00
Deebo Samuel,WAS,WR,29,16,0.0,0.0,0.0,0.0,0.0,17.0,75.0,4.41,1.0,99.0,72.0,727.0,10.1,5.0,3.0,0.0,6,0.0,0.0,188.2,SamuDe00
Jordan Mason,MIN,RB,26,16,0.0,0.0,0.0,0.0,0.0,159.0,758.0,4.77,6.0,16.0,14.0,51.0,3.64,0.0,3.0,1.0,6,0.0,0.0,128.9,MasoJo00
Ladd McConkey,LAC,WR,24,16,0.0,0.0,0.0,0.0,0.0,0.0,0.0,0.0,0.0,106.0,66.0,789.0,11.95,6.0,0.0,0.0,6,0.0,0.0,180.9,McCoLa00
Blake Corum,LAR,RB,25,17,0.0,0.0,0.0,0.0,0.0,145.0,746.0,5.14,6.0,14.0,8.0,36.0,4.5,0.0,0.0,0.0,6,0.0,0.0,122.2,CoruBl00
Jayden Daniels,WAS,QB,25,7,114.0,188.0,1262.0,8.0,3.0,58.0,278.0,4.79,2.0,0.0,0.0,0.0,0.0,0.0,3.0,2.0,2,0.0,1.0,114.3,DaniJa02
Troy Franklin,DEN,WR,22,17,0.0,0.0,0.0,0.0,0.0,5.0,12.0,2.4,0.0,104.0,65.0,709.0,10.91,6.0,1.0,1.0,6,3.0,0.0,177.1,FranTr00
Romeo Doubs,GNB,WR,25,16,0.0,0.0,0.0,0.0,0.0,0.0,0.0,0.0,0.0,85.0,55.0,724.0,13.16,6.0,1.0,0.0,6,1.0,0.0,165.4,DoubRo00
Tyler Allgeier,ATL,RB,25,17,0.0,0.0,0.0,0.0,0.0,143.0,514.0,3.59,8.0,16.0,14.0,96.0,6.86,0.0,0.0,0.0,8,0.0,0.0,123.0,AllgTy00
Bucky Irving,TAM,RB,23,10,0.0,0.0,0.0,0.0,0.0,173.0,588.0,3.4,1.0,35.0,30.0,277.0,9.23,3.0,1.0,1.0,4,0.0,0.0,138.5,IrviBu00
J.K. Dobbins,DEN,RB,27,10,0.0,0.0,0.0,0.0,0.0,153.0,772.0,5.05,4.0,14.0,11.0,37.0,3.36,0.0,0.0,0.0,4,0.0,0.0,115.9,DobbJK00
Tre Tucker,LVR,WR,24,17,0.0,0.0,0.0,0.0,0.0,11.0,51.0,4.64,0.0,92.0,57.0,696.0,12.21,5.0,0.0,0.0,5,0.0,0.0,161.7,TuckTr00
Kirk Cousins,ATL,QB,37,10,166.0,269.0,1721.0,10.0,5.0,14.0,7.0,0.5,1.0,0.0,0.0,0.0,0.0,0.0,3.0,1.0,1,0.0,0.0,103.5,CousKi00
Omarion Hampton,LAC,RB,22,9,0.0,0.0,0.0,0.0,0.0,124.0,545.0,4.4,4.0,35.0,32.0,192.0,6.0,1.0,1.0,0.0,5,0.0,0.0,135.7,HampOm00
Cam Skattebo,NYG,RB,23,8,0.0,0.0,0.0,0.0,0.0,101.0,410.0,4.06,5.0,32.0,24.0,207.0,8.63,2.0,1.0,1.0,7,1.0,0.0,127.7,SkatCa00
Juwan Johnson,NOR,TE,29,17,0.0,0.0,0.0,0.0,0.0,0.0,0.0,0.0,0.0,102.0,77.0,889.0,11.55,3.0,2.0,2.0,3,0.0,0.0,179.9,JohnJu02
Rachaad White,TAM,RB,26,17,0.0,0.0,0.0,0.0,0.0,132.0,572.0,4.33,4.0,45.0,40.0,218.0,5.45,0.0,0.0,0.0,4,0.0,0.0,143.0,WhitRa01
Keenan Allen,LAC,WR,33,17,0.0,0.0,0.0,0.0,0.0,0.0,0.0,0.0,0.0,122.0,81.0,777.0,9.59,4.0,2.0,0.0,4,0.0,0.0,182.7,AlleKe00
Rome Odunze,CHI,WR,23,12,0.0,0.0,0.0,0.0,0.0,0.0,0.0,0.0,0.0,90.0,44.0,661.0,15.02,6.0,0.0,0.0,6,0.0,0.0,146.1,OdunRo00
Kimani Vidal,LAC,RB,24,13,0.0,0.0,0.0,0.0,0.0,155.0,643.0,4.15,3.0,22.0,16.0,136.0,8.5,1.0,1.0,0.0,4,0.0,0.0,117.9,VidaKi00
Jakobi Meyers,2TM,WR,29,16,0.0,0.0,0.0,0.0,0.0,5.0,13.0,2.6,0.0,110.0,75.0,835.0,11.13,3.0,1.0,1.0,3,0.0,0.0,175.8,MeyeJa01
Spencer Rattler,NOR,QB,25,9,174.0,257.0,1586.0,8.0,5.0,31.0,167.0,5.39,0.0,2.0,1.0,0.0,0.0,0.0,4.0,2.0,0,0.0,0.0,99.1,RattSp00
Rashid Shaheed,2TM,WR,27,18,0.0,0.0,0.0,0.0,0.0,9.0,69.0,7.67,0.0,92.0,59.0,687.0,11.64,2.0,2.0,1.0,4,0.0,0.0,156.6,ShahRa00
Rashee Rice,KAN,WR,25,8,0.0,0.0,0.0,0.0,0.0,5.0,20.0,4.0,1.0,78.0,53.0,571.0,10.77,5.0,2.0,0.0,6,1.0,0.0,150.1,RiceRa01
Christian Watson,GNB,WR,26,10,0.0,0.0,0.0,0.0,0.0,1.0,3.0,3.0,0.0,55.0,35.0,611.0,17.46,6.0,0.0,0.0,6,0.0,0.0,132.4,WatsCh00
Dalton Schultz,HOU,TE,29,17,0.0,0.0,0.0,0.0,0.0,0.0,0.0,0.0,0.0,106.0,82.0,777.0,9.48,3.0,1.0,0.0,3,0.0,0.0,177.7,SchuDa00
AJ Barner,SEA,TE,23,17,0.0,0.0,0.0,0.0,0.0,10.0,14.0,1.4,1.0,68.0,52.0,519.0,9.98,6.0,2.0,0.0,7,0.0,0.0,147.3,BarnAJ00
Chuba Hubbard,CAR,RB,26,15,0.0,0.0,0.0,0.0,0.0,134.0,511.0,3.81,1.0,39.0,30.0,223.0,7.43,3.0,1.0,1.0,4,0.0,0.0,125.4,HubbCh01
Khalil Shakir,BUF,WR,25,16,0.0,0.0,0.0,0.0,0.0,1.0,5.0,5.0,0.0,95.0,72.0,719.0,9.99,4.0,1.0,1.0,4,0.0,0.0,166.4,ShakKh00
Jordan Addison,MIN,WR,23,14,0.0,0.0,0.0,0.0,0.0,2.0,81.0,40.5,1.0,79.0,42.0,610.0,14.52,3.0,0.0,0.0,4,0.0,0.0,135.1,AddiJo00
Kayshon Boutte,NWE,WR,23,14,0.0,0.0,0.0,0.0,0.0,0.0,0.0,0.0,0.0,46.0,33.0,551.0,16.7,6.0,0.0,0.0,6,0.0,0.0,124.1,BoutKa00
Aaron Jones,MIN,RB,31,12,0.0,0.0,0.0,0.0,0.0,132.0,548.0,4.15,2.0,41.0,28.0,199.0,7.11,1.0,2.0,1.0,3,0.0,0.0,118.7,JoneAa00
Devin Singletary,NYG,RB,28,17,0.0,0.0,0.0,0.0,0.0,119.0,437.0,3.67,5.0,19.0,18.0,151.0,8.39,0.0,0.0,0.0,5,0.0,1.0,108.8,SingDe00
Brian Thomas,JAX,WR,23,14,0.0,0.0,0.0,0.0,0.0,3.0,21.0,7.0,1.0,91.0,48.0,707.0,14.73,2.0,0.0,0.0,3,0.0,0.0,138.8,ThomBr06
Marquise Brown,KAN,WR,28,16,0.0,0.0,0.0,0.0,0.0,0.0,0.0,0.0,0.0,74.0,49.0,587.0,11.98,5.0,1.0,0.0,5,0.0,0.0,137.7,BrowMa04
Jayden Higgins,HOU,WR,23,17,0.0,0.0,0.0,0.0,0.0,0.0,0.0,0.0,0.0,68.0,41.0,525.0,12.8,6.0,0.0,0.0,6,0.0,0.0,129.5,HiggJa00
Chris Rodriguez,WAS,RB,25,13,0.0,0.0,0.0,0.0,0.0,112.0,500.0,4.46,6.0,4.0,3.0,30.0,10.0,0.0,0.0,0.0,6,0.0,0.0,92.0,RodrCh00
Marvin Harrison Jr.,ARI,WR,23,12,0.0,0.0,0.0,0.0,0.0,0.0,0.0,0.0,0.0,73.0,41.0,608.0,14.83,4.0,0.0,0.0,4,1.0,0.0,127.8,HarrMa09
Dalton Kincaid,BUF,TE,26,12,0.0,0.0,0.0,0.0,0.0,0.0,0.0,0.0,0.0,49.0,39.0,571.0,14.64,5.0,1.0,0.0,5,0.0,0.0,126.1,KincDa00
Colby Parkinson,LAR,TE,26,15,0.0,0.0,0.0,0.0,0.0,0.0,0.0,0.0,0.0,56.0,43.0,408.0,9.49,8.0,1.0,1.0,8,0.0,0.0,129.8,ParkCo02
Tucker Kraft,GNB,TE,25,8,0.0,0.0,0.0,0.0,0.0,1.0,3.0,3.0,0.0,44.0,32.0,489.0,15.28,6.0,0.0,0.0,6,0.0,0.0,117.2,KrafTu00
Shedeur Sanders,CLE,QB,23,8,120.0,212.0,1400.0,7.0,10.0,21.0,169.0,8.05,1.0,0.0,0.0,0.0,0.0,0.0,2.0,1.0,1,0.0,0.0,84.9,SandSh00
Mark Andrews,BAL,TE,30,17,0.0,0.0,0.0,0.0,0.0,10.0,48.0,4.8,1.0,70.0,48.0,422.0,8.79,5.0,1.0,0.0,6,0.0,0.0,131.0,AndrMa00
Theo Johnson,NYG,TE,24,15,0.0,0.0,0.0,0.0,0.0,0.0,0.0,0.0,0.0,74.0,45.0,528.0,11.73,5.0,0.0,0.0,5,0.0,0.0,127.8,JohnTh00
Sean Tucker,TAM,RB,24,17,0.0,0.0,0.0,0.0,0.0,86.0,320.0,3.72,7.0,11.0,8.0,34.0,4.25,1.0,2.0,0.0,8,0.0,0.0,91.4,TuckSe00
Oronde Gadsden II,LAC,TE,22,15,0.0,0.0,0.0,0.0,0.0,0.0,0.0,0.0,0.0,69.0,49.0,664.0,13.55,3.0,1.0,1.0,3,0.0,0.0,131.4,GadsOr01
Luther Burden,CHI,WR,22,15,0.0,0.0,0.0,0.0,0.0,6.0,37.0,6.17,0.0,60.0,47.0,652.0,13.87,2.0,0.0,0.0,2,0.0,0.0,127.9,BurdLu00
Emanuel Wilson,GNB,RB,26,17,0.0,0.0,0.0,0.0,0.0,125.0,496.0,3.97,3.0,17.0,15.0,99.0,6.6,0.0,1.0,0.0,3,1.0,0.0,94.5,WilsEm00
Bhayshul Tuten,JAX,RB,22,15,0.0,0.0,0.0,0.0,0.0,83.0,307.0,3.7,5.0,14.0,10.0,79.0,7.9,2.0,2.0,1.0,7,0.0,0.0,88.6,TuteBh00
Chimere Dike,TEN,WR,24,17,0.0,0.0,0.0,0.0,0.0,11.0,18.0,1.64,0.0,74.0,48.0,423.0,8.81,4.0,2.0,1.0,6,0.0,0.0,126.1,DikeCh00
Josh Downs,IND,WR,24,16,0.0,0.0,0.0,0.0,0.0,2.0,-2.0,-1.0,0.0,88.0,58.0,566.0,9.76,4.0,1.0,1.0,4,0.0,0.0,136.4,DownJo00
Kyler Murray,ARI,QB,28,5,110.0,161.0,962.0,6.0,3.0,29.0,173.0,5.97,1.0,0.0,0.0,0.0,0.0,0.0,1.0,1.0,1,0.0,0.0,77.8,MurrKy00
Elic Ayomanor,TEN,WR,22,16,0.0,0.0,0.0,0.0,0.0,0.0,0.0,0.0,0.0,89.0,41.0,515.0,12.56,4.0,0.0,0.0,4,0.0,0.0,116.5,AyomEl00
Zach Ertz,WAS,TE,35,13,0.0,0.0,0.0,0.0,0.0,0.0,0.0,0.0,0.0,72.0,50.0,504.0,10.08,4.0,1.0,0.0,4,1.0,0.0,126.4,ErtzZa00
Ty Johnson,BUF,RB,28,17,0.0,0.0,0.0,0.0,0.0,50.0,200.0,4.0,3.0,33.0,24.0,263.0,10.96,2.0,1.0,0.0,5,0.0,0.0,100.3,JohnTy02
Terry McLaurin,WAS,WR,30,10,0.0,0.0,0.0,0.0,0.0,0.0,0.0,0.0,0.0,60.0,38.0,582.0,15.32,3.0,0.0,0.0,3,0.0,0.0,114.2,McLaTe00
Nick Chubb,HOU,RB,30,15,0.0,0.0,0.0,0.0,0.0,122.0,506.0,4.15,3.0,20.0,13.0,67.0,5.15,0.0,0.0,0.0,3,0.0,0.0,88.3,ChubNi00
Ryan Flournoy,DAL,WR,26,16,0.0,0.0,0.0,0.0,0.0,4.0,25.0,6.25,0.0,56.0,40.0,475.0,11.88,4.0,0.0,0.0,4,0.0,0.0,114.0,FlouRy00
Pat Freiermuth,PIT,TE,27,17,0.0,0.0,0.0,0.0,0.0,0.0,0.0,0.0,0.0,54.0,41.0,486.0,11.85,4.0,0.0,0.0,4,0.0,0.0,113.6,FreiPa00
Jalen Nailor,MIN,WR,26,17,0.0,0.0,0.0,0.0,0.0,2.0,13.0,6.5,0.0,53.0,29.0,444.0,15.31,4.0,0.0,0.0,4,1.0,0.0,100.7,NailJa00
Brenton Strange,JAX,TE,25,12,0.0,0.0,0.0,0.0,0.0,0.0,0.0,0.0,0.0,60.0,46.0,540.0,11.74,3.0,0.0,0.0,3,0.0,0.0,118.0,StraBr00
Jerry Jeudy,CLE,WR,26,17,0.0,0.0,0.0,0.0,0.0,1.0,5.0,5.0,0.0,106.0,50.0,602.0,12.04,2.0,1.0,1.0,2,0.0,0.0,120.7,JeudJe00
Zonovan Knight,ARI,RB,24,12,0.0,0.0,0.0,0.0,0.0,82.0,269.0,3.28,4.0,31.0,22.0,160.0,7.27,1.0,1.0,1.0,5,0.0,0.0,92.9,KnigZo00
Malik Washington,MIA,WR,24,17,0.0,0.0,0.0,0.0,0.0,17.0,110.0,6.47,1.0,65.0,46.0,317.0,6.89,3.0,1.0,1.0,5,0.0,0.0,116.7,WashMa00
Dillon Gabriel,CLE,QB,25,10,110.0,185.0,937.0,7.0,2.0,14.0,86.0,6.14,0.0,0.0,0.0,0.0,0.0,0.0,0.0,0.0,0,0.0,0.0,70.1,GabrDi00
Carson Wentz,MIN,QB,33,5,110.0,169.0,1216.0,6.0,5.0,11.0,57.0,5.18,0.0,0.0,0.0,0.0,0.0,0.0,3.0,0.0,0,0.0,1.0,70.3,WentCa00
Cooper Kupp,SEA,WR,32,16,0.0,1.0,0.0,0.0,1.0,0.0,0.0,0.0,0.0,70.0,47.0,593.0,12.62,2.0,1.0,1.0,2,1.0,0.0,116.3,KuppCo00
Davis Mills,HOU,QB,27,6,91.0,159.0,915.0,5.0,1.0,13.0,60.0,4.62,1.0,0.0,0.0,0.0,0.0,0.0,1.0,0.0,1,0.0,1.0,68.6,MillDa02
Alvin Kamara,NOR,RB,30,11,0.0,0.0,0.0,0.0,0.0,131.0,471.0,3.6,1.0,39.0,33.0,186.0,5.64,0.0,2.0,2.0,1,0.0,0.0,100.7,KamaAl00
Dawson Knox,BUF,TE,29,17,0.0,0.0,0.0,0.0,0.0,0.0,0.0,0.0,0.0,49.0,36.0,417.0,11.58,4.0,0.0,0.0,4,1.0,0.0,103.7,KnoxDa00
Chig Okonkwo,TEN,TE,26,17,0.0,0.0,0.0,0.0,0.0,0.0,0.0,0.0,0.0,79.0,56.0,560.0,10.0,2.0,0.0,0.0,2,0.0,0.0,124.0,OkonCh00
Isiah Pacheco,KAN,RB,26,13,0.0,0.0,0.0,0.0,0.0,118.0,462.0,3.92,1.0,26.0,19.0,101.0,5.32,1.0,0.0,0.0,2,0.0,0.0,87.3,PachIs00
Xavier Worthy,KAN,WR,22,14,0.0,0.0,0.0,0.0,0.0,11.0,87.0,7.91,0.0,73.0,42.0,532.0,12.67,1.0,0.0,0.0,1,0.0,0.0,109.9,WortXa00
Mack Hollins,NWE,WR,32,15,0.0,0.0,0.0,0.0,0.0,1.0,4.0,4.0,0.0,65.0,46.0,550.0,11.96,2.0,1.0,0.0,2,0.0,0.0,113.4,HollMa00
Sam LaPorta,DET,TE,24,9,0.0,0.0,0.0,0.0,0.0,0.0,0.0,0.0,0.0,49.0,40.0,489.0,12.23,3.0,0.0,0.0,3,0.0,0.0,106.9,LaPoSa01
Tyjae Spears,TEN,RB,24,13,0.0,0.0,0.0,0.0,0.0,72.0,283.0,3.93,2.0,50.0,45.0,264.0,5.87,0.0,0.0,0.0,2,0.0,0.0,111.7,SpeaTy00
Michael Carter,ARI,RB,26,13,0.0,0.0,0.0,0.0,0.0,92.0,333.0,3.62,1.0,45.0,33.0,267.0,8.09,0.0,0.0,0.0,1,0.0,0.0,99.0,CartMi03
DeMario Douglas,NWE,WR,25,17,0.0,0.0,0.0,0.0,0.0,7.0,21.0,3.0,0.0,46.0,31.0,447.0,14.42,3.0,0.0,0.0,3,0.0,0.0,95.8,DougDe00
Darren Waller,MIA,TE,33,9,0.0,0.0,0.0,0.0,0.0,1.0,4.0,4.0,0.0,34.0,24.0,283.0,11.79,6.0,0.0,0.0,6,0.0,0.0,88.7,WallDa01
Keon Coleman,BUF,WR,22,13,0.0,0.0,0.0,0.0,0.0,0.0,0.0,0.0,0.0,59.0,38.0,404.0,10.63,4.0,1.0,1.0,4,1.0,0.0,102.4,ColeKe02
Tez Johnson,TAM,WR,23,16,0.0,0.0,0.0,0.0,0.0,7.0,22.0,3.14,0.0,44.0,28.0,322.0,11.5,5.0,0.0,0.0,5,0.0,0.0,92.4,JohnTe03
Garrett Wilson,NYJ,WR,25,7,0.0,0.0,0.0,0.0,0.0,0.0,0.0,0.0,0.0,59.0,36.0,395.0,10.97,4.0,1.0,0.0,4,0.0,0.0,99.5,WilsGa00
Xavier Hutchinson,HOU,WR,25,17,0.0,0.0,0.0,0.0,0.0,3.0,22.0,7.33,0.0,57.0,35.0,428.0,12.23,3.0,0.0,0.0,3,0.0,0.0,98.0,HutcXa00
Cade Otton,TAM,TE,26,16,0.0,0.0,0.0,0.0,0.0,0.0,0.0,0.0,0.0,81.0,59.0,572.0,9.69,1.0,0.0,0.0,1,0.0,0.0,122.2,OttoCa00
T.J. Hockenson,MIN,TE,28,15,0.0,0.0,0.0,0.0,0.0,1.0,0.0,0.0,0.0,66.0,51.0,438.0,8.59,3.0,0.0,0.0,3,0.0,0.0,112.8,HockTJ00
Darius Slayton,NYG,WR,28,14,0.0,0.0,0.0,0.0,0.0,0.0,0.0,0.0,0.0,63.0,37.0,538.0,14.54,1.0,1.0,1.0,1,2.0,0.0,98.8,SlayDa01
Tyquan Thornton,KAN,WR,25,14,0.0,0.0,0.0,0.0,0.0,0.0,0.0,0.0,0.0,37.0,19.0,438.0,23.05,3.0,0.0,0.0,3,0.0,0.0,80.8,ThorTy00
Samaje Perine,CIN,RB,30,15,0.0,0.0,0.0,0.0,0.0,84.0,382.0,4.55,3.0,21.0,17.0,87.0,5.12,0.0,3.0,2.0,3,0.0,0.0,77.9,PeriSa00
Isaac TeSlaa,DET,WR,23,17,0.0,0.0,0.0,0.0,0.0,0.0,0.0,0.0,0.0,27.0,16.0,239.0,14.94,6.0,0.0,0.0,6,0.0,0.0,75.9,TeSlIs00
Tyrod Taylor,NYJ,QB,36,6,80.0,134.0,779.0,5.0,5.0,27.0,143.0,5.3,1.0,0.0,0.0,0.0,0.0,0.0,1.0,1.0,1,0.0,0.0,59.5,TaylTy00
Jake Tonges,SFO,TE,26,17,0.0,0.0,0.0,0.0,0.0,0.0,0.0,0.0,0.0,46.0,34.0,293.0,8.62,5.0,0.0,0.0,5,0.0,0.0,93.3,TongJa00
KaVontae Turpin,DAL,WR,29,15,0.0,0.0,0.0,0.0,0.0,17.0,89.0,5.24,0.0,38.0,26.0,396.0,15.23,2.0,1.0,1.0,2,0.0,0.0,84.5,TurpKa00
Jalen Coker,CAR,WR,24,11,0.0,0.0,0.0,0.0,0.0,0.0,0.0,0.0,0.0,43.0,33.0,394.0,11.94,3.0,1.0,1.0,3,1.0,0.0,90.4,CokeJa01
Andrei Iosivas,CIN,WR,26,17,0.0,0.0,0.0,0.0,0.0,3.0,14.0,4.67,0.0,58.0,33.0,435.0,13.18,2.0,0.0,0.0,2,0.0,0.0,89.9,IosiAn00
Marvin Mims,DEN,WR,23,15,0.0,0.0,0.0,0.0,0.0,12.0,78.0,6.5,1.0,51.0,37.0,322.0,8.7,1.0,2.0,1.0,3,0.0,0.0,93.0,MimsMa00
Calvin Austin III,PIT,WR,26,14,0.0,0.0,0.0,0.0,0.0,0.0,0.0,0.0,0.0,55.0,31.0,372.0,12.0,3.0,0.0,0.0,3,0.0,0.0,86.2,AustCa00
Kendrick Bourne,SFO,WR,30,16,0.0,0.0,0.0,0.0,0.0,0.0,0.0,0.0,0.0,53.0,37.0,551.0,14.89,0.0,0.0,0.0,0,0.0,0.0,92.1,BourKe00
Mike Evans,TAM,WR,32,8,0.0,0.0,0.0,0.0,0.0,0.0,0.0,0.0,0.0,62.0,30.0,368.0,12.27,3.0,0.0,0.0,3,0.0,0.0,84.8,EvanMi00
Adonai Mitchell,2TM,WR,23,16,0.0,0.0,0.0,0.0,0.0,1.0,-4.0,-4.0,0.0,74.0,33.0,453.0,13.73,2.0,1.0,1.0,2,0.0,0.0,87.9,MitcAd00
Brian Robinson Jr.,SFO,RB,26,17,0.0,0.0,0.0,0.0,0.0,92.0,400.0,4.35,2.0,12.0,8.0,25.0,3.13,0.0,0.0,0.0,2,0.0,0.0,62.5,RobiBr01
Dylan Sampson,CLE,RB,21,15,0.0,0.0,0.0,0.0,0.0,65.0,175.0,2.69,0.0,40.0,33.0,271.0,8.21,2.0,1.0,1.0,2,0.0,0.0,87.6,SampDy00
Ray Davis,BUF,RB,26,17,0.0,0.0,0.0,0.0,0.0,58.0,275.0,4.74,0.0,13.0,10.0,86.0,8.6,2.0,0.0,0.0,3,0.0,0.0,64.1,DaviRa04
Xavier Legette,CAR,WR,24,15,0.0,0.0,0.0,0.0,0.0,1.0,0.0,0.0,0.0,64.0,35.0,363.0,10.37,3.0,1.0,0.0,3,0.0,0.0,89.3,LegeXa00
Evan Engram,DEN,TE,31,16,0.0,0.0,0.0,0.0,0.0,1.0,7.0,7.0,0.0,76.0,50.0,461.0,9.22,1.0,0.0,0.0,1,0.0,0.0,102.8,EngrEv00
David Njoku,CLE,TE,29,12,0.0,0.0,0.0,0.0,0.0,0.0,0.0,0.0,0.0,48.0,33.0,293.0,8.88,4.0,0.0,0.0,4,0.0,0.0,86.3,NjokDa00
Ricky Pearsall,SFO,WR,25,9,0.0,0.0,0.0,0.0,0.0,2.0,-2.0,-1.0,0.0,53.0,36.0,528.0,14.67,0.0,0.0,0.0,0,0.0,0.0,88.6,PearRi00
Tory Horton,SEA,WR,23,8,0.0,0.0,0.0,0.0,0.0,0.0,0.0,0.0,0.0,22.0,13.0,161.0,12.38,5.0,0.0,0.0,6,0.0,0.0,65.1,HortTo00
Tank Bigsby,2TM,RB,24,17,0.0,0.0,0.0,0.0,0.0,63.0,356.0,5.65,2.0,4.0,3.0,32.0,10.67,0.0,0.0,0.0,2,0.0,0.0,53.8,BigsTa00
Malik Willis,GNB,QB,26,4,30.0,35.0,422.0,3.0,0.0,22.0,123.0,5.59,2.0,0.0,0.0,0.0,0.0,0.0,2.0,1.0,2,0.0,0.0,51.2,WillMa12
Isaiah Davis,NYJ,RB,23,16,0.0,0.0,0.0,0.0,0.0,43.0,236.0,5.49,1.0,28.0,21.0,186.0,8.86,0.0,0.0,0.0,1,1.0,0.0,71.2,DaviIs00
Chris Godwin,TAM,WR,29,9,0.0,0.0,0.0,0.0,0.0,0.0,0.0,0.0,0.0,51.0,33.0,360.0,10.91,2.0,0.0,0.0,2,1.0,0.0,83.0,GodwCh00
Darnell Mooney,ATL,WR,28,15,0.0,0.0,0.0,0.0,0.0,0.0,0.0,0.0,0.0,72.0,32.0,443.0,13.84,1.0,2.0,0.0,1,0.0,0.0,82.3,MoonDa00
Russell Wilson,NYG,QB,37,6,69.0,119.0,831.0,3.0,3.0,18.0,106.0,5.89,0.0,0.0,0.0,0.0,0.0,0.0,3.0,0.0,0,0.0,0.0,49.8,WilsRu00
Jake Browning,CIN,QB,29,5,81.0,125.0,771.0,6.0,8.0,9.0,39.0,4.33,1.0,0.0,0.0,0.0,0.0,0.0,1.0,0.0,1,0.0,0.0,48.7,BrowJa08
Cole Kmet,CHI,TE,26,16,0.0,1.0,0.0,0.0,0.0,0.0,0.0,0.0,0.0,48.0,30.0,347.0,11.57,2.0,0.0,0.0,2,1.0,0.0,78.7,KmetCo00
Gunnar Helm,TEN,TE,23,16,0.0,0.0,0.0,0.0,0.0,0.0,0.0,0.0,0.0,55.0,44.0,357.0,8.11,2.0,0.0,0.0,2,0.0,0.0,91.7,HelmGu00
Jeremy McNichols,WAS,RB,30,17,0.0,0.0,0.0,0.0,0.0,44.0,221.0,5.02,1.0,31.0,25.0,196.0,7.84,0.0,1.0,1.0,1,1.0,0.0,72.7,McNiJe00
Ollie Gordon,MIA,RB,21,17,0.0,0.0,0.0,0.0,0.0,70.0,199.0,2.84,3.0,9.0,7.0,32.0,4.57,1.0,0.0,0.0,4,0.0,0.0,54.1,GordOl00
Jonnu Smith,PIT,TE,30,17,0.0,0.0,0.0,0.0,0.0,9.0,70.0,7.78,1.0,54.0,38.0,222.0,5.84,2.0,1.0,0.0,3,0.0,0.0,85.2,SmitJo01
Greg Dortch,ARI,WR,27,12,0.0,0.0,0.0,0.0,0.0,7.0,15.0,2.14,1.0,33.0,29.0,206.0,7.1,3.0,1.0,0.0,4,0.0,0.0,75.1,DortGr01
Tyler Higbee,LAR,TE,32,10,0.0,0.0,0.0,0.0,0.0,0.0,0.0,0.0,0.0,36.0,25.0,281.0,11.24,3.0,0.0,0.0,3,0.0,0.0,71.1,HigbTy00
Keaton Mitchell,BAL,RB,23,13,0.0,0.0,0.0,0.0,0.0,59.0,341.0,5.78,1.0,12.0,9.0,63.0,7.0,0.0,1.0,0.0,1,0.0,0.0,55.4,MitcKe01
Dontayvion Wicks,GNB,WR,24,14,0.0,0.0,0.0,0.0,0.0,1.0,6.0,6.0,0.0,46.0,30.0,332.0,11.07,2.0,0.0,0.0,2,0.0,0.0,75.8,WickDo00
Olamide Zaccheaus,CHI,WR,28,16,0.0,0.0,0.0,0.0,0.0,4.0,25.0,6.25,0.0,65.0,39.0,313.0,8.03,2.0,0.0,0.0,2,0.0,0.0,84.8,ZaccOl01
Emari Demercado,ARI,RB,26,13,0.0,0.0,0.0,0.0,0.0,44.0,312.0,7.09,0.0,20.0,13.0,101.0,7.77,1.0,1.0,1.0,1,0.0,0.0,58.3,DemeEm00
DeAndre Hopkins,BAL,WR,33,17,0.0,0.0,0.0,0.0,0.0,0.0,0.0,0.0,0.0,39.0,22.0,330.0,15.0,2.0,0.0,0.0,2,0.0,0.0,67.0,HopkDe00
Mason Taylor,NYJ,TE,21,13,0.0,0.0,0.0,0.0,0.0,0.0,0.0,0.0,0.0,65.0,44.0,369.0,8.39,1.0,0.0,0.0,1,1.0,0.0,88.9,TaylMa02
Pat Bryant,DEN,WR,23,15,0.0,0.0,0.0,0.0,0.0,0.0,0.0,0.0,0.0,49.0,31.0,378.0,12.19,1.0,0.0,0.0,1,0.0,0.0,74.8,BryaPa00
Justice Hill,BAL,RB,28,10,0.0,0.0,0.0,0.0,0.0,18.0,93.0,5.17,2.0,27.0,21.0,169.0,8.05,1.0,1.0,0.0,3,0.0,0.0,65.2,HillJu00
Mike Gesicki,CIN,TE,30,13,0.0,0.0,0.0,0.0,0.0,0.0,0.0,0.0,0.0,42.0,28.0,307.0,10.96,2.0,0.0,0.0,2,0.0,0.0,70.7,GesiMi00
Devin Neal,NOR,RB,22,10,0.0,0.0,0.0,0.0,0.0,57.0,206.0,3.61,2.0,19.0,17.0,104.0,6.12,0.0,0.0,0.0,2,0.0,0.0,60.0,NealDe00
Kalif Raymond,DET,WR,31,15,0.0,0.0,0.0,0.0,0.0,2.0,19.0,9.5,0.0,30.0,24.0,289.0,12.04,1.0,0.0,0.0,2,0.0,0.0,66.8,RaymKa00
Sterling Shepard,TAM,WR,32,13,0.0,0.0,0.0,0.0,0.0,4.0,19.0,4.75,0.0,53.0,39.0,371.0,9.51,1.0,1.0,1.0,1,0.0,0.0,82.0,ShepSt00
Jaylen Wright,MIA,RB,22,10,0.0,0.0,0.0,0.0,0.0,70.0,288.0,4.11,2.0,9.0,5.0,44.0,8.8,0.0,2.0,1.0,2,0.0,0.0,48.2,WrigJa04
Jaylin Noel,HOU,WR,23,17,0.0,0.0,0.0,0.0,0.0,6.0,12.0,2.0,0.0,35.0,26.0,292.0,11.23,2.0,0.0,0.0,2,0.0,0.0,68.4,NoelJa00
Darnell Washington,PIT,TE,24,16,0.0,0.0,0.0,0.0,0.0,0.0,0.0,0.0,0.0,43.0,31.0,364.0,11.74,1.0,2.0,1.0,1,1.0,0.0,73.4,WashDa03
Jameis Winston,NYG,QB,31,3,37.0,66.0,567.0,2.0,2.0,7.0,23.0,3.29,1.0,1.0,1.0,33.0,33.0,1.0,1.0,1.0,2,0.0,0.0,43.3,WinsJa00
Daniel Bellinger,NYG,TE,25,16,0.0,0.0,0.0,0.0,0.0,0.0,0.0,0.0,0.0,26.0,19.0,286.0,15.05,2.0,0.0,0.0,2,0.0,0.0,59.6,BellDa00
Noah Fant,CIN,TE,28,15,0.0,0.0,0.0,0.0,0.0,0.0,0.0,0.0,0.0,41.0,34.0,288.0,8.47,3.0,3.0,3.0,3,0.0,0.0,74.8,FantNo00
Terrance Ferguson,LAR,TE,22,14,0.0,0.0,0.0,0.0,0.0,1.0,0.0,0.0,0.0,25.0,11.0,231.0,21.0,3.0,0.0,0.0,3,0.0,0.0,52.1,FergTe00
Matthew Golden,GNB,WR,22,14,0.0,0.0,0.0,0.0,0.0,10.0,49.0,4.9,0.0,44.0,29.0,361.0,12.45,0.0,0.0,0.0,0,0.0,0.0,70.0,GoldMa02
Van Jefferson,TEN,WR,29,16,0.0,0.0,0.0,0.0,0.0,0.0,0.0,0.0,0.0,52.0,29.0,350.0,12.07,1.0,0.0,0.0,1,0.0,0.0,70.0,JeffVa00
Tyler Lockett,2TM,WR,33,17,0.0,0.0,0.0,0.0,0.0,0.0,0.0,0.0,0.0,55.0,32.0,291.0,9.09,1.0,0.0,0.0,2,0.0,0.0,73.1,LockTy00
JuJu Smith-Schuster,KAN,WR,29,17,0.0,0.0,0.0,0.0,0.0,0.0,0.0,0.0,0.0,45.0,33.0,345.0,10.45,1.0,0.0,0.0,1,0.0,0.0,73.5,SmitJu00
Devaughn Vele,NOR,WR,28,13,0.0,0.0,0.0,0.0,0.0,0.0,0.0,0.0,0.0,39.0,25.0,293.0,11.72,2.0,0.0,0.0,2,0.0,0.0,66.3,VeleDe00
Tyler Huntley,BAL,QB,27,5,52.0,67.0,426.0,2.0,0.0,24.0,151.0,6.29,0.0,0.0,0.0,0.0,0.0,0.0,0.0,0.0,0,0.0,0.0,40.1,HuntTy01
Luke McCaffrey,WAS,WR,24,9,0.0,0.0,0.0,0.0,0.0,0.0,0.0,0.0,0.0,15.0,11.0,203.0,18.45,3.0,0.0,0.0,3,1.0,0.0,51.3,McCaLu00
Josh Oliver,MIN,TE,28,15,0.0,0.0,0.0,0.0,0.0,0.0,0.0,0.0,0.0,19.0,15.0,160.0,10.67,4.0,0.0,0.0,4,0.0,0.0,55.0,OlivJo00
Davis Allen,LAR,TE,24,17,0.0,0.0,0.0,0.0,0.0,0.0,0.0,0.0,0.0,33.0,24.0,208.0,8.67,3.0,0.0,0.0,3,0.0,0.0,62.8,AlleDa02
Malik Davis,DAL,RB,27,10,0.0,0.0,0.0,0.0,0.0,52.0,250.0,4.81,2.0,5.0,2.0,16.0,8.0,0.0,0.0,0.0,2,0.0,0.0,40.6,DaviMa02
Tre Harris,LAC,WR,23,17,0.0,0.0,0.0,0.0,0.0,2.0,10.0,5.0,0.0,43.0,30.0,324.0,10.8,1.0,0.0,0.0,1,0.0,0.0,69.4,HarrTr03
Michael Mayer,LVR,TE,24,13,0.0,0.0,0.0,0.0,0.0,0.0,0.0,0.0,0.0,50.0,35.0,328.0,9.37,1.0,1.0,0.0,1,0.0,0.0,73.8,MayeMi00
John Metchie,2TM,WR,25,16,0.0,0.0,0.0,0.0,0.0,3.0,-5.0,-1.67,0.0,48.0,33.0,274.0,8.3,2.0,0.0,0.0,2,0.0,0.0,71.9,MetcJo00
Malik Nabers,NYG,WR,22,4,0.0,0.0,0.0,0.0,0.0,0.0,0.0,0.0,0.0,35.0,18.0,271.0,15.06,2.0,0.0,0.0,2,0.0,0.0,57.1,NabeMa00
Cedric Tillman,CLE,WR,25,13,0.0,0.0,0.0,0.0,0.0,0.0,0.0,0.0,0.0,39.0,21.0,270.0,12.86,2.0,0.0,0.0,2,0.0,0.0,60.0,TillCe01
Kyle Williams,NWE,WR,23,17,0.0,0.0,0.0,0.0,0.0,2.0,3.0,1.5,0.0,21.0,10.0,209.0,20.9,3.0,0.0,0.0,3,0.0,0.0,49.2,WillKy03
Austin Hooper,NWE,TE,31,16,0.0,0.0,0.0,0.0,0.0,0.0,0.0,0.0,0.0,26.0,21.0,263.0,12.52,2.0,0.0,0.0,2,0.0,0.0,59.3,HoopAu00
Brashard Smith,KAN,RB,22,17,0.0,0.0,0.0,0.0,0.0,44.0,151.0,3.43,0.0,35.0,25.0,172.0,6.88,1.0,1.0,0.0,1,0.0,0.0,63.3,SmitBr09
Isaiah Bond,CLE,WR,21,16,0.0,0.0,0.0,0.0,0.0,5.0,29.0,5.8,0.0,44.0,18.0,338.0,18.78,0.0,0.0,0.0,0,0.0,0.0,54.7,BondIs00
Greg Dulcich,MIA,TE,25,10,0.0,0.0,0.0,0.0,0.0,1.0,-7.0,-7.0,0.0,33.0,26.0,335.0,12.88,1.0,1.0,1.0,1,0.0,0.0,62.8,DulcGr00
Jackson Hawes,BUF,TE,25,17,0.0,0.0,0.0,0.0,0.0,0.0,0.0,0.0,0.0,19.0,16.0,187.0,11.69,3.0,0.0,0.0,3,0.0,0.0,52.7,HaweJa00
Tim Patrick,JAX,WR,32,16,0.0,0.0,0.0,0.0,0.0,0.0,0.0,0.0,0.0,24.0,15.0,187.0,12.47,3.0,0.0,0.0,3,0.0,0.0,51.7,PatrTi00
Tommy Tremble,CAR,TE,25,17,0.0,0.0,0.0,0.0,0.0,0.0,0.0,0.0,0.0,37.0,27.0,249.0,9.22,2.0,0.0,0.0,2,0.0,0.0,63.9,TremTo00
Rashod Bateman,BAL,WR,26,13,0.0,0.0,0.0,0.0,0.0,0.0,0.0,0.0,0.0,38.0,19.0,224.0,11.79,2.0,0.0,0.0,2,1.0,0.0,55.4,BateRa00
Audric Estime,NOR,RB,22,7,0.0,0.0,0.0,0.0,0.0,46.0,198.0,4.3,1.0,13.0,12.0,103.0,8.58,0.0,0.0,0.0,1,0.0,0.0,48.1,EstiAu00
Travis Hunter,JAX,WR,22,7,0.0,0.0,0.0,0.0,0.0,1.0,0.0,0.0,0.0,45.0,28.0,298.0,10.64,1.0,1.0,0.0,1,0.0,0.0,63.8,HuntTr00
Demarcus Robinson,SFO,WR,31,14,0.0,0.0,0.0,0.0,0.0,1.0,6.0,6.0,0.0,35.0,22.0,276.0,12.55,1.0,0.0,0.0,1,1.0,0.0,58.2,RobiDe01
Isaiah Likely,BAL,TE,25,14,0.0,0.0,0.0,0.0,0.0,0.0,0.0,0.0,0.0,36.0,27.0,307.0,11.37,1.0,2.0,1.0,1,0.0,0.0,61.7,LikeIs00
Tyreek Hill,MIA,WR,31,4,0.0,0.0,0.0,0.0,0.0,0.0,0.0,0.0,0.0,29.0,21.0,265.0,12.62,1.0,0.0,0.0,1,0.0,0.0,53.5,HillTy00
Kyle Juszczyk,SFO,FB,34,17,0.0,0.0,0.0,0.0,0.0,2.0,-3.0,-1.5,0.0,28.0,24.0,213.0,8.88,2.0,0.0,0.0,2,0.0,0.0,57.0,JuszKy00
Jaylin Lane,WAS,WR,23,15,0.0,0.0,0.0,0.0,0.0,1.0,7.0,7.0,0.0,32.0,16.0,225.0,14.06,0.0,3.0,1.0,2,0.0,0.0,49.2,LaneJa00
Isaiah Williams,NYJ,WR,24,15,0.0,1.0,0.0,0.0,0.0,3.0,34.0,11.33,0.0,36.0,26.0,193.0,7.42,0.0,1.0,1.0,2,0.0,0.0,58.7,WillIs03
Jahan Dotson,PHI,WR,25,17,0.0,0.0,0.0,0.0,0.0,0.0,0.0,0.0,0.0,36.0,18.0,262.0,14.56,1.0,0.0,0.0,1,0.0,0.0,50.2,DotsJa00
Quinn Ewers,MIA,QB,22,4,55.0,83.0,622.0,3.0,3.0,8.0,19.0,2.38,0.0,1.0,1.0,-6.0,-6.0,0.0,3.0,0.0,0,0.0,0.0,33.2,EwerQu00
Philip Rivers,IND,QB,44,3,58.0,92.0,544.0,4.0,3.0,2.0,-1.0,-0.5,0.0,0.0,0.0,0.0,0.0,0.0,2.0,0.0,0,0.0,0.0,31.7,RivePh00
Devontez Walker,BAL,WR,24,12,0.0,0.0,0.0,0.0,0.0,0.0,0.0,0.0,0.0,8.0,6.0,136.0,22.67,3.0,0.0,0.0,3,0.0,0.0,37.6,WalkDe01
Taysom Hill,NOR,TE,35,13,2.0,6.0,57.0,1.0,0.0,52.0,114.0,2.19,1.0,16.0,11.0,91.0,8.27,0.0,3.0,1.0,1,0.0,0.0,41.8,HillTa00
Tyrell Shavers,BUF,WR,26,17,0.0,0.0,0.0,0.0,0.0,0.0,0.0,0.0,0.0,23.0,15.0,245.0,16.33,1.0,0.0,0.0,1,0.0,0.0,45.5,ShavTy00
David Sills V,ATL,WR,29,17,0.0,0.0,0.0,0.0,0.0,0.0,0.0,0.0,0.0,36.0,18.0,191.0,10.61,2.0,0.0,0.0,2,0.0,0.0,49.1,SillDa01
Mitchell Trubisky,BUF,QB,31,4,25.0,35.0,313.0,4.0,0.0,9.0,6.0,0.67,0.0,0.0,0.0,0.0,0.0,0.0,0.0,0.0,0,0.0,1.0,31.1,TrubMi00
Dyami Brown,JAX,WR,26,14,0.0,0.0,0.0,0.0,0.0,6.0,30.0,5.0,0.0,37.0,20.0,227.0,11.35,1.0,1.0,1.0,1,0.0,0.0,49.7,BrowDy00
Christian Kirk,HOU,WR,29,13,0.0,0.0,0.0,0.0,0.0,0.0,0.0,0.0,0.0,52.0,28.0,239.0,8.54,1.0,0.0,0.0,1,0.0,0.0,57.9,KirkCh01
Josh Palmer,BUF,WR,26,12,0.0,0.0,0.0,0.0,0.0,0.0,0.0,0.0,0.0,37.0,22.0,303.0,13.77,0.0,0.0,0.0,0,0.0,0.0,52.3,PalmJo00
Jayden Reed,GNB,WR,25,7,0.0,0.0,0.0,0.0,0.0,3.0,28.0,9.33,0.0,22.0,19.0,207.0,10.89,1.0,0.0,0.0,1,0.0,0.0,48.5,ReedJa03
Calvin Ridley,TEN,WR,31,7,0.0,0.0,0.0,0.0,0.0,0.0,0.0,0.0,0.0,36.0,17.0,303.0,17.82,0.0,0.0,0.0,0,0.0,0.0,47.3,RidlCa00
Xavier Smith,LAR,WR,28,16,0.0,0.0,0.0,0.0,0.0,0.0,0.0,0.0,0.0,24.0,18.0,303.0,16.83,0.0,0.0,0.0,0,0.0,0.0,48.3,SmitXa00
Mitchell Evans,CAR,TE,22,17,0.0,0.0,0.0,0.0,0.0,1.0,1.0,1.0,0.0,25.0,19.0,171.0,9.0,2.0,0.0,0.0,2,0.0,0.0,48.2,EvanMi01
Tanner Hudson,CIN,TE,31,15,0.0,0.0,0.0,0.0,0.0,0.0,0.0,0.0,0.0,24.0,19.0,168.0,8.84,2.0,0.0,0.0,2,0.0,0.0,47.8,HudsTa00
Riley Leonard,IND,QB,23,5,39.0,67.0,415.0,2.0,3.0,6.0,27.0,4.5,2.0,0.0,0.0,-3.0,0.0,0.0,2.0,2.0,2,0.0,0.0,29.0,LeonRi02
Brandin Cooks,2TM,WR,32,15,0.0,0.0,0.0,0.0,0.0,0.0,0.0,0.0,0.0,36.0,24.0,279.0,11.63,0.0,0.0,0.0,0,0.0,0.0,51.9,CookBr00
Brady Cook,NYJ,QB,24,5,88.0,153.0,739.0,2.0,7.0,13.0,49.0,3.77,0.0,0.0,0.0,0.0,0.0,0.0,3.0,1.0,0,0.0,1.0,28.5,CookBr03
Elijah Higgins,ARI,TE,25,17,0.0,0.0,0.0,0.0,0.0,0.0,0.0,0.0,0.0,37.0,30.0,301.0,10.03,0.0,1.0,1.0,0,0.0,0.0,58.1,HiggEl00
Kendre Miller,NOR,RB,23,7,0.0,0.0,0.0,0.0,0.0,47.0,193.0,4.11,1.0,5.0,5.0,30.0,6.0,0.0,0.0,0.0,1,0.0,0.0,33.3,MillKe01
Chris Moore,WAS,WR,32,14,0.0,0.0,0.0,0.0,0.0,1.0,9.0,9.0,0.0,23.0,11.0,207.0,18.82,1.0,0.0,0.0,1,0.0,0.0,38.6,MoorCh00
Jalen Tolbert,DAL,WR,26,13,0.0,0.0,0.0,0.0,0.0,0.0,0.0,0.0,0.0,34.0,18.0,203.0,11.28,1.0,0.0,0.0,1,1.0,0.0,46.3,TolbJa00
Jaleel McLaughlin,DEN,RB,25,8,0.0,0.0,0.0,0.0,0.0,37.0,187.0,5.05,1.0,6.0,4.0,27.0,6.75,0.0,0.0,0.0,1,0.0,0.0,31.4,McLaJa00
Roman Wilson,PIT,WR,24,13,0.0,0.0,0.0,0.0,0.0,0.0,0.0,0.0,0.0,21.0,12.0,166.0,13.83,2.0,1.0,1.0,2,0.0,0.0,38.6,WilsRo02
Tyler Johnson,NYJ,WR,27,12,0.0,0.0,0.0,0.0,0.0,0.0,0.0,0.0,0.0,18.0,12.0,197.0,16.42,1.0,0.0,0.0,1,0.0,0.0,37.7,JohnTy00
Charlie Kolar,BAL,TE,26,17,0.0,0.0,0.0,0.0,0.0,0.0,0.0,0.0,0.0,15.0,10.0,142.0,14.2,2.0,0.0,0.0,2,0.0,0.0,36.2,KolaCh00
Adam Trautman,DEN,TE,28,17,0.0,0.0,0.0,0.0,0.0,0.0,0.0,0.0,0.0,23.0,20.0,195.0,9.75,1.0,0.0,0.0,1,0.0,0.0,45.5,TrauAd00
Tutu Atwell,LAR,WR,26,10,0.0,0.0,0.0,0.0,0.0,0.0,0.0,0.0,0.0,15.0,6.0,192.0,32.0,1.0,0.0,0.0,1,0.0,0.0,31.2,AtweTu00
James Conner,ARI,RB,30,3,0.0,0.0,0.0,0.0,0.0,32.0,95.0,2.97,1.0,9.0,8.0,38.0,4.75,1.0,1.0,0.0,2,0.0,0.0,33.3,ConnJa00
Luke Musgrave,GNB,TE,25,17,0.0,0.0,0.0,0.0,0.0,0.0,0.0,0.0,0.0,31.0,24.0,252.0,10.5,0.0,1.0,0.0,0,0.0,0.0,49.2,MusgLu00
Ja'Tavion Sanders,CAR,TE,22,13,0.0,0.0,0.0,0.0,0.0,0.0,0.0,0.0,0.0,34.0,29.0,190.0,6.55,1.0,0.0,0.0,1,0.0,0.0,54.0,SandJa01
Zavier Scott,MIN,RB,26,16,0.0,0.0,0.0,0.0,0.0,32.0,114.0,3.56,0.0,16.0,14.0,98.0,7.0,1.0,2.0,1.0,1,0.0,0.0,39.2,ScotZa00
Connor Heyward,PIT,TE,26,17,0.0,0.0,0.0,0.0,0.0,15.0,43.0,2.87,2.0,4.0,3.0,21.0,7.0,1.0,0.0,0.0,3,0.0,0.0,27.4,HeywCo00
Josh Johnson,WAS,QB,39,5,34.0,54.0,372.0,1.0,2.0,12.0,55.0,4.58,1.0,0.0,0.0,0.0,0.0,0.0,2.0,1.0,1,0.0,0.0,24.4,JohnJo05
Hunter Luepke,DAL,RB,25,17,0.0,0.0,0.0,0.0,0.0,16.0,71.0,4.44,0.0,15.0,13.0,109.0,8.38,1.0,0.0,0.0,1,0.0,0.0,37.0,LuepHu00
Gunner Olszewski,NYG,WR,29,16,1.0,2.0,33.0,1.0,0.0,0.0,0.0,0.0,0.0,13.0,10.0,145.0,14.5,1.0,1.0,1.0,1,0.0,0.0,33.8,OlszGu00
Jeremy Ruckert,NYJ,TE,25,17,0.0,0.0,0.0,0.0,0.0,0.0,0.0,0.0,0.0,29.0,23.0,179.0,7.78,1.0,0.0,0.0,1,0.0,0.0,46.9,RuckJe00
Mitchell Tinsley,CIN,WR,26,17,0.0,0.0,0.0,0.0,0.0,0.0,0.0,0.0,0.0,24.0,8.0,116.0,14.5,2.0,0.0,0.0,2,0.0,0.0,31.6,TinsMi00
Jawhar Jordan,HOU,RB,26,4,0.0,0.0,0.0,0.0,0.0,43.0,193.0,4.49,0.0,7.0,7.0,34.0,4.86,0.0,0.0,0.0,0,0.0,0.0,29.7,JordJa00
Jaret Patterson,LAC,RB,26,6,0.0,0.0,0.0,0.0,0.0,41.0,159.0,3.88,1.0,4.0,3.0,8.0,2.67,0.0,0.0,0.0,1,0.0,0.0,25.7,PattJa01
Brock Wright,DET,TE,27,11,0.0,0.0,0.0,0.0,0.0,0.0,0.0,0.0,0.0,22.0,14.0,108.0,7.71,2.0,0.0,0.0,2,0.0,0.0,36.8,WrigBr01
Elijah Arroyo,SEA,TE,22,13,0.0,0.0,0.0,0.0,0.0,0.0,0.0,0.0,0.0,26.0,15.0,179.0,11.93,1.0,1.0,1.0,1,0.0,0.0,36.9,ArroEl00
Jack Bech,LVR,WR,23,16,0.0,0.0,0.0,0.0,0.0,0.0,0.0,0.0,0.0,29.0,20.0,224.0,11.2,0.0,0.0,0.0,0,0.0,0.0,42.4,BechJa00
Trey Benson,ARI,RB,23,4,0.0,0.0,0.0,0.0,0.0,29.0,160.0,5.52,0.0,16.0,13.0,64.0,4.92,0.0,0.0,0.0,0,0.0,0.0,35.4,BensTr01
Lil'Jordan Humphrey,2TM,WR,27,10,0.0,0.0,0.0,0.0,0.0,0.0,0.0,0.0,0.0,25.0,13.0,156.0,12.0,1.0,0.0,0.0,1,0.0,0.0,34.6,HumpLi01
Malachi Corley,CLE,WR,23,13,0.0,0.0,0.0,0.0,0.0,13.0,127.0,9.77,0.0,14.0,11.0,79.0,7.18,0.0,0.0,0.0,0,0.0,0.0,31.6,CorlMa00
Antonio Gibson,NWE,RB,27,5,0.0,0.0,0.0,0.0,0.0,25.0,106.0,4.24,1.0,3.0,2.0,6.0,3.0,0.0,2.0,1.0,2,0.0,0.0,23.2,GibsAn00
Hunter Long,JAX,TE,27,9,0.0,0.0,0.0,0.0,0.0,0.0,0.0,0.0,0.0,17.0,12.0,85.0,7.08,2.0,1.0,0.0,2,0.0,0.0,32.5,LongHu00
Hunter Renfrow,CAR,WR,30,6,0.0,0.0,0.0,0.0,0.0,0.0,0.0,0.0,0.0,26.0,15.0,89.0,5.93,2.0,0.0,0.0,2,0.0,0.0,35.9,RenfHu00
Adam Thielen,2TM,WR,35,16,0.0,0.0,0.0,0.0,0.0,0.0,0.0,0.0,0.0,35.0,19.0,186.0,9.79,0.0,0.0,0.0,0,1.0,0.0,39.6,ThieAd00
Jahdae Walker,CHI,WR,23,9,0.0,0.0,0.0,0.0,0.0,0.0,0.0,0.0,0.0,10.0,6.0,87.0,14.5,2.0,0.0,0.0,2,0.0,0.0,26.7,WalkJa03
Ameer Abdullah,IND,RB,32,13,0.0,0.0,0.0,0.0,0.0,14.0,60.0,4.29,1.0,17.0,16.0,99.0,6.19,0.0,1.0,1.0,1,0.0,0.0,35.9,AbduAm00
Kevin Austin,NOR,WR,25,8,0.0,0.0,0.0,0.0,0.0,0.0,0.0,0.0,0.0,23.0,13.0,140.0,10.77,1.0,0.0,0.0,1,0.0,0.0,33.0,AustKe00
Chris Brooks,GNB,RB,25,17,0.0,0.0,0.0,0.0,0.0,27.0,106.0,3.93,0.0,17.0,13.0,91.0,7.0,0.0,0.0,0.0,0,0.0,0.0,32.7,BrooCh00
Elijah Moore,BUF,WR,25,9,0.0,0.0,0.0,0.0,0.0,6.0,24.0,4.0,1.0,17.0,9.0,112.0,12.44,0.0,0.0,0.0,1,0.0,0.0,28.6,MoorEl00
Theo Wease,MIA,WR,24,3,0.0,0.0,0.0,0.0,0.0,0.0,0.0,0.0,0.0,10.0,6.0,139.0,23.17,1.0,0.0,0.0,1,0.0,0.0,25.9,WeasTh00
Jaydon Blue,DAL,RB,21,5,0.0,0.0,0.0,0.0,0.0,38.0,129.0,3.39,1.0,1.0,1.0,5.0,5.0,0.0,1.0,0.0,1,0.0,0.0,20.4,BlueJa01
Treylon Burks,WAS,WR,25,8,0.0,0.0,0.0,0.0,0.0,0.0,0.0,0.0,0.0,22.0,10.0,130.0,13.0,1.0,0.0,0.0,1,0.0,0.0,29.0,BurkTr00
Gabe Davis,BUF,WR,26,6,0.0,0.0,0.0,0.0,0.0,0.0,0.0,0.0,0.0,18.0,12.0,129.0,10.75,1.0,0.0,0.0,1,0.0,0.0,30.9,DaviGa01
Luke Farrell,SFO,TE,28,17,0.0,0.0,0.0,0.0,0.0,0.0,0.0,0.0,0.0,14.0,11.0,85.0,7.73,2.0,1.0,1.0,2,0.0,0.0,29.5,FarrLu00
Miles Sanders,DAL,RB,28,4,0.0,0.0,0.0,0.0,0.0,20.0,117.0,5.85,1.0,8.0,8.0,30.0,3.75,0.0,1.0,1.0,1,0.0,0.0,26.7,SandMi01
Mo Alie-Cox,IND,TE,32,17,0.0,0.0,0.0,0.0,0.0,0.0,0.0,0.0,0.0,20.0,13.0,117.0,9.0,1.0,0.0,0.0,1,0.0,0.0,30.7,AlieMo00
Jerome Ford,CLE,RB,26,13,0.0,0.0,0.0,0.0,0.0,24.0,73.0,3.04,0.0,32.0,26.0,103.0,3.96,0.0,0.0,0.0,0,0.0,0.0,43.6,FordJe00
Noah Gray,KAN,TE,26,16,0.0,0.0,0.0,0.0,0.0,0.0,0.0,0.0,0.0,37.0,21.0,178.0,8.48,0.0,0.0,0.0,0,0.0,0.0,38.8,GrayNo00
Isaiah Hodgins,NYG,WR,27,7,0.0,0.0,0.0,0.0,0.0,0.0,0.0,0.0,0.0,19.0,10.0,115.0,11.5,1.0,0.0,0.0,1,0.0,0.0,27.5,HodgIs00
Jimmy Horn,CAR,WR,23,13,0.0,0.0,0.0,0.0,0.0,8.0,69.0,8.63,0.0,15.0,11.0,108.0,9.82,0.0,0.0,0.0,0,0.0,0.0,28.7,HornJi00
Zay Jones,ARI,WR,30,8,0.0,0.0,0.0,0.0,0.0,0.0,0.0,0.0,0.0,18.0,12.0,183.0,15.25,0.0,0.0,0.0,0,0.0,0.0,30.3,JoneZa00
Jalen McMillan,TAM,WR,24,4,0.0,0.0,0.0,0.0,0.0,1.0,1.0,1.0,0.0,15.0,12.0,178.0,14.83,0.0,0.0,0.0,0,0.0,0.0,29.9,McMiJa01
Marquez Valdes-Scantling,2TM,WR,31,10,0.0,0.0,0.0,0.0,0.0,0.0,0.0,0.0,0.0,29.0,14.0,120.0,8.57,1.0,1.0,0.0,1,0.0,0.0,32.0,ValdMa00
Jordan Whittington,LAR,WR,25,17,0.0,0.0,0.0,0.0,0.0,3.0,12.0,4.0,0.0,25.0,18.0,171.0,9.5,0.0,0.0,0.0,0,0.0,0.0,36.3,WhitJo04
Andrew Beck,NYJ,FB,29,17,0.0,0.0,0.0,0.0,0.0,1.0,5.0,5.0,0.0,9.0,6.0,45.0,7.5,2.0,0.0,0.0,2,0.0,0.0,23.0,BeckAn01
Raheem Mostert,LVR,RB,33,12,0.0,0.0,0.0,0.0,0.0,22.0,104.0,4.73,0.0,12.0,12.0,70.0,5.83,0.0,0.0,0.0,0,0.0,0.0,29.4,MostRa00
Drew Sample,CIN,TE,29,17,0.0,0.0,0.0,0.0,0.0,1.0,3.0,3.0,0.0,20.0,15.0,106.0,7.07,1.0,0.0,0.0,1,0.0,0.0,31.9,SampDr00
Raheim Sanders,CLE,RB,23,4,0.0,0.0,0.0,0.0,0.0,27.0,92.0,3.41,1.0,4.0,3.0,21.0,7.0,0.0,0.0,0.0,1,0.0,0.0,20.3,SandRa00
Ben Sinnott,WAS,TE,23,16,0.0,0.0,0.0,0.0,0.0,0.0,0.0,0.0,0.0,13.0,11.0,114.0,10.36,1.0,0.0,0.0,1,0.0,0.0,28.4,SinnBe00
Tyler Badie,DEN,RB,25,16,0.0,0.0,0.0,0.0,0.0,8.0,23.0,2.88,0.0,31.0,19.0,141.0,7.42,0.0,0.0,0.0,0,0.0,0.0,35.4,BadiTy00
John Bates,WAS,TE,28,15,0.0,0.0,0.0,0.0,0.0,0.0,0.0,0.0,0.0,16.0,11.0,103.0,9.36,1.0,0.0,0.0,1,0.0,0.0,27.3,BateJo00
Julian Hill,MIA,TE,25,14,0.0,0.0,0.0,0.0,0.0,0.0,0.0,0.0,0.0,20.0,15.0,140.0,9.33,0.0,0.0,0.0,0,1.0,0.0,31.0,HillJu02
Brycen Tremayne,CAR,WR,26,16,0.0,0.0,0.0,0.0,0.0,0.0,0.0,0.0,0.0,18.0,14.0,160.0,11.43,0.0,1.0,0.0,0,0.0,0.0,30.0,TremBr00
Savion Williams,GNB,WR,24,12,0.0,0.0,0.0,0.0,0.0,11.0,37.0,3.36,0.0,10.0,10.0,78.0,7.8,1.0,1.0,1.0,1,0.0,0.0,25.5,WillSa01
Rasheen Ali,BAL,RB,24,15,0.0,0.0,0.0,0.0,0.0,7.0,24.0,3.43,0.0,11.0,9.0,68.0,7.56,1.0,0.0,0.0,1,0.0,0.0,24.2,AlixRa00
LeQuint Allen,JAX,RB,21,17,0.0,0.0,0.0,0.0,0.0,23.0,94.0,4.09,0.0,11.0,10.0,54.0,5.4,0.0,0.0,0.0,0,0.0,0.0,24.8,AlleLe01
Ashton Dulin,IND,WR,28,12,0.0,0.0,0.0,0.0,0.0,3.0,44.0,14.67,0.0,10.0,5.0,106.0,21.2,0.0,0.0,0.0,0,0.0,0.0,20.0,DuliAs00
Konata Mumpfield,LAR,WR,23,17,0.0,0.0,0.0,0.0,0.0,0.0,0.0,0.0,0.0,23.0,10.0,92.0,9.2,1.0,0.0,0.0,1,0.0,0.0,25.2,MumpKo00
Mason Rudolph,PIT,QB,30,5,38.0,52.0,310.0,2.0,2.0,7.0,6.0,0.86,0.0,0.0,0.0,0.0,0.0,0.0,1.0,1.0,0,0.0,0.0,15.0,RudoMa00
Brevyn Spann-Ford,DAL,TE,26,17,0.0,0.0,0.0,0.0,0.0,0.0,0.0,0.0,0.0,13.0,9.0,90.0,10.0,1.0,0.0,0.0,1,0.0,0.0,24.0,SpanBr00
Cody White,SEA,WR,27,10,0.0,0.0,0.0,0.0,0.0,0.0,0.0,0.0,0.0,4.0,3.0,90.0,30.0,1.0,0.0,0.0,1,0.0,0.0,18.0,WhitCo05
Grant Calcaterra,PHI,TE,27,15,0.0,0.0,0.0,0.0,0.0,0.0,0.0,0.0,0.0,13.0,9.0,76.0,8.44,1.0,0.0,0.0,1,0.0,0.0,22.6,CalcGr00
Efton Chism,NWE,WR,24,8,0.0,0.0,0.0,0.0,0.0,0.0,0.0,0.0,0.0,3.0,3.0,75.0,25.0,1.0,0.0,0.0,1,0.0,0.0,16.5,ChisEf00
C.J. Ham,MIN,FB,32,11,0.0,0.0,0.0,0.0,0.0,3.0,5.0,1.67,2.0,2.0,2.0,11.0,5.5,0.0,0.0,0.0,2,0.0,0.0,15.6,HamxC.00
Terrell Jennings,NWE,RB,24,7,0.0,0.0,0.0,0.0,0.0,23.0,73.0,3.17,1.0,1.0,1.0,9.0,9.0,0.0,0.0,0.0,1,0.0,0.0,15.2,JennTe00
Kameron Johnson,TAM,WR,23,17,0.0,0.0,0.0,0.0,0.0,2.0,13.0,6.5,0.0,7.0,4.0,64.0,16.0,1.0,2.0,0.0,1,0.0,0.0,17.7,JohnKa01
Trey Lance,LAC,QB,25,4,27.0,57.0,226.0,0.0,1.0,17.0,85.0,5.0,0.0,0.0,0.0,0.0,0.0,0.0,1.0,1.0,0,0.0,0.0,13.5,LancTr00
Tanner McKee,PHI,QB,25,4,24.0,43.0,274.0,1.0,1.0,8.0,8.0,1.0,0.0,0.0,0.0,0.0,0.0,0.0,0.0,0.0,0,0.0,0.0,13.8,McKeTa01
Dare Ogunbowale,HOU,RB,31,17,0.0,0.0,0.0,0.0,0.0,11.0,25.0,2.27,1.0,13.0,10.0,76.0,7.6,0.0,1.0,1.0,1,0.0,0.0,24.1,OgunDa00
Curtis Samuel,BUF,WR,29,6,0.0,0.0,0.0,0.0,0.0,0.0,0.0,0.0,0.0,9.0,7.0,81.0,11.57,1.0,0.0,0.0,1,0.0,0.0,21.1,SamuCu00
Dont'e Thornton,LVR,WR,23,15,0.0,0.0,0.0,0.0,0.0,0.0,0.0,0.0,0.0,30.0,10.0,135.0,13.5,0.0,0.0,0.0,0,0.0,0.0,23.5,ThorDo00
Braelon Allen,NYJ,RB,21,4,0.0,0.0,0.0,0.0,0.0,18.0,76.0,4.22,1.0,3.0,2.0,17.0,8.5,0.0,1.0,1.0,1,0.0,0.0,15.3,AlleBr05
John FitzPatrick,GNB,TE,25,15,0.0,0.0,0.0,0.0,0.0,0.0,0.0,0.0,0.0,15.0,12.0,72.0,6.0,1.0,0.0,0.0,1,0.0,0.0,25.2,FitzJo00
George Holani,SEA,RB,26,11,0.0,0.0,0.0,0.0,0.0,22.0,73.0,3.32,1.0,2.0,2.0,15.0,7.5,0.0,1.0,1.0,1,0.0,0.0,14.8,HolaGe00
Allen Lazard,NYJ,WR,30,10,0.0,0.0,0.0,0.0,0.0,0.0,0.0,0.0,0.0,18.0,10.0,70.0,7.0,1.0,0.0,0.0,1,0.0,0.0,23.0,LazaAl00
Luke Schoonmaker,DAL,TE,27,17,0.0,0.0,0.0,0.0,0.0,0.0,0.0,0.0,0.0,23.0,14.0,132.0,9.43,0.0,0.0,0.0,0,0.0,0.0,27.2,SchoLu00
Ben Skowronek,PIT,WR,28,17,0.0,0.0,0.0,0.0,0.0,0.0,0.0,0.0,0.0,6.0,4.0,69.0,17.25,1.0,0.0,0.0,1,0.0,0.0,16.9,SkowBe00
Shedrick Jackson,LVR,WR,26,5,0.0,0.0,0.0,0.0,0.0,1.0,3.0,3.0,0.0,5.0,4.0,56.0,14.0,1.0,0.0,0.0,1,0.0,0.0,15.9,JackSh01
Quintin Morris,JAX,TE,26,14,0.0,0.0,0.0,0.0,0.0,0.0,0.0,0.0,0.0,9.0,6.0,55.0,9.17,1.0,0.0,0.0,1,0.0,0.0,17.5,MorrQu00
Josh Reynolds,NYJ,WR,30,5,0.0,0.0,0.0,0.0,0.0,0.0,0.0,0.0,0.0,21.0,11.0,101.0,9.18,0.0,0.0,0.0,0,1.0,0.0,23.1,ReynJo00
Nate Adkins,DEN,TE,26,9,0.0,0.0,0.0,0.0,0.0,0.0,0.0,0.0,0.0,11.0,6.0,48.0,8.0,1.0,0.0,0.0,1,0.0,0.0,16.8,AdkiNa00
KeAndre Lambert-Smith,LAC,WR,24,10,0.0,0.0,0.0,0.0,0.0,0.0,0.0,0.0,0.0,12.0,5.0,51.0,10.2,1.0,0.0,0.0,1,0.0,0.0,16.1,LambKe01
Johnny Mundt,JAX,TE,31,16,0.0,0.0,0.0,0.0,0.0,0.0,0.0,0.0,0.0,19.0,9.0,111.0,12.33,0.0,0.0,0.0,0,0.0,0.0,20.1,MundJo00
Kene Nwangwu,NYJ,RB,27,12,0.0,0.0,0.0,0.0,0.0,13.0,49.0,3.77,0.0,1.0,0.0,0.0,0.0,0.0,0.0,0.0,1,0.0,0.0,10.9,NwanKe00
Chris Oladokun,KAN,QB,28,3,35.0,55.0,235.0,1.0,0.0,5.0,18.0,3.6,0.0,0.0,0.0,0.0,0.0,0.0,4.0,2.0,0,0.0,0.0,11.2,OladCh00
Dante Pettis,NOR,WR,30,8,0.0,0.0,0.0,0.0,0.0,0.0,0.0,0.0,0.0,11.0,9.0,127.0,14.11,0.0,1.0,1.0,0,0.0,0.0,19.7,PettDa00
Jack Stoll,NOR,TE,27,15,0.0,0.0,0.0,0.0,0.0,0.0,0.0,0.0,0.0,11.0,6.0,46.0,7.67,1.0,0.0,0.0,1,0.0,0.0,16.6,StolJa00
Ian Thomas,LVR,TE,29,15,0.0,0.0,0.0,0.0,0.0,0.0,0.0,0.0,0.0,13.0,13.0,114.0,8.77,0.0,0.0,0.0,0,0.0,0.0,24.4,ThomIa00
Jamari Thrash,CLE,WR,25,9,0.0,0.0,0.0,0.0,0.0,0.0,0.0,0.0,0.0,15.0,10.0,107.0,10.7,0.0,0.0,0.0,0,0.0,0.0,20.7,ThraJa01
Tylan Wallace,BAL,WR,26,14,0.0,0.0,0.0,0.0,0.0,0.0,0.0,0.0,0.0,8.0,4.0,45.0,11.25,1.0,0.0,0.0,1,0.0,0.0,14.5,WallTy00
Brittain Brown,CHI,RB,28,3,0.0,0.0,0.0,0.0,0.0,5.0,37.0,7.4,1.0,1.0,0.0,0.0,0.0,0.0,0.0,0.0,1,0.0,0.0,9.7,BrowBr06
Tyler Conklin,LAC,TE,30,13,0.0,0.0,0.0,0.0,0.0,1.0,2.0,2.0,0.0,10.0,7.0,101.0,14.43,0.0,1.0,0.0,0,0.0,0.0,17.3,ConkTy00
Andy Dalton,CAR,QB,38,4,25.0,37.0,293.0,1.0,1.0,5.0,-2.0,-0.4,0.0,0.0,0.0,0.0,0.0,0.0,2.0,2.0,0,0.0,0.0,9.5,DaltAn00
Will Dissly,LAC,TE,29,9,0.0,0.0,0.0,0.0,0.0,0.0,0.0,0.0,0.0,16.0,11.0,97.0,8.82,0.0,0.0,0.0,0,0.0,0.0,20.7,DissWi00
DJ Giddens,IND,RB,22,9,0.0,0.0,0.0,0.0,0.0,26.0,96.0,3.69,0.0,2.0,0.0,0.0,0.0,0.0,0.0,0.0,0,0.0,0.0,9.6,GiddDJ00
Joe Milton,DAL,QB,25,4,15.0,24.0,183.0,1.0,2.0,5.0,50.0,10.0,0.0,0.0,0.0,0.0,0.0,0.0,1.0,1.0,0,0.0,0.0,10.3,MiltJo00
Skyy Moore,SFO,WR,25,17,0.0,0.0,0.0,0.0,0.0,2.0,11.0,5.5,0.0,7.0,5.0,87.0,17.4,0.0,1.0,0.0,0,0.0,0.0,14.8,MoorSk01
Adam Prentice,DEN,FB,28,17,0.0,0.0,0.0,0.0,0.0,10.0,44.0,4.4,0.0,8.0,6.0,53.0,8.83,0.0,0.0,0.0,0,0.0,0.0,15.7,PrenAd00
Josh Whyle,GNB,TE,26,8,0.0,0.0,0.0,0.0,0.0,0.0,0.0,0.0,0.0,6.0,5.0,36.0,7.2,1.0,0.0,0.0,1,0.0,0.0,14.6,WhylJo01
Michael Bandy,DEN,WR,28,4,0.0,0.0,0.0,0.0,0.0,0.0,0.0,0.0,0.0,4.0,4.0,50.0,12.5,1.0,1.0,1.0,1,0.0,0.0,13.0,BandMi00
Tanner Conner,MIA,TE,27,9,0.0,0.0,0.0,0.0,0.0,0.0,0.0,0.0,0.0,15.0,9.0,91.0,10.11,0.0,0.0,0.0,0,0.0,0.0,18.1,ConnTa00
Darius Cooper,PHI,WR,24,13,0.0,0.0,0.0,0.0,0.0,0.0,0.0,0.0,0.0,11.0,9.0,92.0,10.22,0.0,0.0,0.0,0,0.0,0.0,18.2,CoopDa01
Trevor Etienne,CAR,RB,21,17,0.0,0.0,0.0,0.0,0.0,20.0,94.0,4.7,0.0,3.0,3.0,13.0,4.33,0.0,2.0,1.0,0,0.0,0.0,11.7,EtieTr01
Najee Harris,LAC,RB,27,3,0.0,0.0,0.0,0.0,0.0,15.0,61.0,4.07,0.0,3.0,3.0,25.0,8.33,0.0,0.0,0.0,0,0.0,0.0,11.6,HarrNa00
Malik Heath,GNB,WR,25,11,0.0,0.0,0.0,0.0,0.0,0.0,0.0,0.0,0.0,7.0,6.0,86.0,14.33,0.0,0.0,0.0,0,0.0,0.0,14.6,HeatMa00
Phil Mafah,DAL,RB,23,1,0.0,0.0,0.0,0.0,0.0,5.0,18.0,3.6,1.0,2.0,2.0,11.0,5.5,0.0,0.0,0.0,1,0.0,0.0,10.9,MafaPh00
David Martin-Robinson,TEN,TE,26,17,0.0,0.0,0.0,0.0,0.0,0.0,0.0,0.0,0.0,6.0,4.0,30.0,7.5,1.0,0.0,0.0,1,0.0,0.0,13.0,MartDa01
Ryan Miller,TAM,WR,25,13,0.0,0.0,0.0,0.0,0.0,0.0,0.0,0.0,0.0,4.0,2.0,34.0,17.0,1.0,0.0,0.0,1,0.0,0.0,11.4,MillRy01
Andrew Ogletree,IND,TE,27,15,0.0,0.0,0.0,0.0,0.0,0.0,0.0,0.0,0.0,6.0,4.0,27.0,6.75,1.0,0.0,0.0,1,0.0,0.0,12.7,OgleAn00
Will Shipley,PHI,RB,23,15,0.0,0.0,0.0,0.0,0.0,14.0,49.0,3.5,0.0,12.0,9.0,56.0,6.22,0.0,1.0,1.0,0,0.0,0.0,17.5,ShipWi00
Mason Tipton,NOR,WR,25,14,0.0,0.0,0.0,0.0,0.0,4.0,18.0,4.5,0.0,17.0,11.0,76.0,6.91,0.0,1.0,0.0,0,0.0,0.0,20.4,TiptMa00
Casey Washington,ATL,WR,24,7,0.0,0.0,0.0,0.0,0.0,0.0,0.0,0.0,0.0,14.0,6.0,94.0,15.67,0.0,0.0,0.0,0,0.0,0.0,15.4,WashCa01
Nick Westbrook-Ikhine,MIA,WR,28,15,0.0,0.0,0.0,0.0,0.0,0.0,0.0,0.0,0.0,20.0,11.0,89.0,8.09,0.0,0.0,0.0,0,0.0,0.0,19.9,WestNi00
Trayveon Williams,2TM,RB,28,7,0.0,0.0,0.0,0.0,0.0,10.0,36.0,3.6,0.0,9.0,8.0,55.0,6.88,0.0,0.0,0.0,0,0.0,0.0,17.1,WillTr06
Ronnie Bell,NOR,WR,25,2,0.0,0.0,0.0,0.0,0.0,0.0,0.0,0.0,0.0,4.0,2.0,23.0,11.5,1.0,0.0,0.0,1,0.0,0.0,10.3,BellRo01
British Brooks,HOU,RB,26,15,0.0,0.0,0.0,0.0,0.0,17.0,78.0,4.59,0.0,0.0,0.0,0.0,0.0,0.0,0.0,0.0,0,0.0,0.0,7.8,BrooBr01
Noah Brown,WAS,WR,29,4,0.0,0.0,0.0,0.0,0.0,0.0,0.0,0.0,0.0,10.0,5.0,83.0,16.6,0.0,0.0,0.0,0,0.0,0.0,13.3,BrowNo00
Josiah Deguara,ARI,TE,28,12,0.0,0.0,0.0,0.0,0.0,0.0,0.0,0.0,0.0,5.0,3.0,21.0,7.0,1.0,0.0,0.0,1,0.0,0.0,11.1,DeguJo00
Austin Ekeler,WAS,RB,30,2,0.0,0.0,0.0,0.0,0.0,14.0,43.0,3.07,0.0,7.0,5.0,38.0,7.6,0.0,0.0,0.0,0,0.0,0.0,13.1,EkelAu00
Kaleb Johnson,PIT,RB,22,10,0.0,0.0,0.0,0.0,0.0,28.0,69.0,2.46,0.0,2.0,1.0,9.0,9.0,0.0,1.0,0.0,0,0.0,0.0,8.8,JohnKa03
Kenny Pickett,LVR,QB,27,6,28.0,45.0,188.0,1.0,2.0,5.0,22.0,4.4,0.0,0.0,0.0,0.0,0.0,0.0,1.0,1.0,0,0.0,0.0,7.7,PickKe00
Cade Stover,HOU,TE,25,9,0.0,0.0,0.0,0.0,0.0,4.0,3.0,0.75,0.0,16.0,12.0,76.0,6.33,0.0,0.0,0.0,0,0.0,0.0,19.9,StovCa00
Cam Akers,2TM,RB,26,6,1.0,1.0,32.0,1.0,0.0,5.0,19.0,3.8,0.0,1.0,0.0,0.0,0.0,0.0,0.0,0.0,0,0.0,0.0,7.2,AkerCa00
Devin Culp,TAM,TE,25,13,0.0,0.0,0.0,0.0,0.0,0.0,0.0,0.0,0.0,1.0,1.0,6.0,6.0,1.0,0.0,0.0,1,0.0,0.0,7.6,CulpDe00
Corey Kiner,ARI,RB,23,4,0.0,0.0,0.0,0.0,0.0,12.0,58.0,4.83,0.0,3.0,2.0,15.0,7.5,0.0,0.0,0.0,0,0.0,0.0,9.3,KineCo00
Ray-Ray McCloud,2TM,WR,29,6,0.0,0.0,0.0,0.0,0.0,0.0,0.0,0.0,0.0,15.0,7.0,69.0,9.86,0.0,0.0,0.0,0,0.0,0.0,13.9,McClRa00
James Proche,TEN,WR,29,9,0.0,0.0,0.0,0.0,0.0,0.0,0.0,0.0,0.0,12.0,6.0,65.0,10.83,0.0,0.0,0.0,0,0.0,0.0,12.5,ProcJa00
Arian Smith,NYJ,WR,24,16,0.0,0.0,0.0,0.0,0.0,4.0,13.0,3.25,0.0,16.0,7.0,52.0,7.43,0.0,0.0,0.0,0,0.0,0.0,13.5,SmitAr01
Xavier Weaver,ARI,WR,25,10,0.0,0.0,0.0,0.0,0.0,0.0,0.0,0.0,0.0,13.0,7.0,67.0,9.57,0.0,0.0,0.0,0,0.0,0.0,13.7,WeavXa00
Ty Chandler,MIN,RB,27,3,0.0,0.0,0.0,0.0,0.0,17.0,47.0,2.76,0.0,4.0,3.0,11.0,3.67,0.0,0.0,0.0,0,0.0,0.0,8.8,ChanTy01
AJ Dillon,PHI,RB,27,7,0.0,0.0,0.0,0.0,0.0,12.0,60.0,5.0,0.0,3.0,3.0,21.0,7.0,0.0,1.0,1.0,0,0.0,0.0,9.1,DillAJ00
Hassan Haskins,LAC,RB,26,12,0.0,0.0,0.0,0.0,0.0,17.0,47.0,2.76,0.0,4.0,4.0,13.0,3.25,0.0,0.0,0.0,0,0.0,0.0,10.0,HaskHa00
Khalil Herbert,NYJ,RB,27,7,0.0,0.0,0.0,0.0,0.0,16.0,52.0,3.25,0.0,4.0,1.0,4.0,4.0,0.0,0.0,0.0,0,0.0,0.0,6.6,HerbKh00
Alec Ingold,MIA,FB,29,17,0.0,0.0,0.0,0.0,0.0,2.0,9.0,4.5,0.0,11.0,8.0,52.0,6.5,0.0,0.0,0.0,0,0.0,0.0,14.1,IngoAl01
Charlie Jones,CIN,WR,27,14,0.0,0.0,0.0,0.0,0.0,0.0,0.0,0.0,0.0,1.0,0.0,0.0,0.0,0.0,0.0,0.0,1,0.0,0.0,6.0,JoneCh11
Scotty Miller,PIT,WR,28,13,0.0,0.0,0.0,0.0,0.0,0.0,0.0,0.0,0.0,14.0,9.0,62.0,6.89,0.0,0.0,0.0,0,0.0,0.0,15.2,MillSc01
Foster Moreau,NOR,TE,28,11,0.0,0.0,0.0,0.0,0.0,0.0,0.0,0.0,0.0,10.0,7.0,59.0,8.43,0.0,0.0,0.0,0,0.0,0.0,12.9,MoreFo00
Zamir White,LVR,RB,26,6,0.0,0.0,0.0,0.0,0.0,12.0,32.0,2.67,0.0,6.0,4.0,24.0,6.0,0.0,0.0,0.0,0,0.0,0.0,9.6,WhitZa01
Robbie Chosen,WAS,WR,32,3,0.0,0.0,0.0,0.0,0.0,0.0,0.0,0.0,0.0,9.0,5.0,53.0,10.6,0.0,0.0,0.0,0,0.0,0.0,10.3,AndeRo04
Brenden Bates,2TM,TE,26,9,0.0,0.0,0.0,0.0,0.0,0.0,0.0,0.0,0.0,5.0,4.0,48.0,12.0,0.0,0.0,0.0,0,0.0,0.0,8.8,BateBr00
Tahj Brooks,CIN,RB,23,16,0.0,0.0,0.0,0.0,0.0,16.0,45.0,2.81,0.0,2.0,1.0,9.0,9.0,0.0,0.0,0.0,0,0.0,0.0,6.4,BrooTa00
Anthony Firkser,DET,TE,30,7,0.0,0.0,0.0,0.0,0.0,0.0,0.0,0.0,0.0,10.0,8.0,53.0,6.63,0.0,0.0,0.0,0,0.0,0.0,13.3,FirkAn00
Evan Hull,NOR,RB,25,6,0.0,0.0,0.0,0.0,0.0,19.0,48.0,2.53,0.0,1.0,1.0,6.0,6.0,0.0,0.0,0.0,0,0.0,0.0,6.4,HullEv00
Mason Kinsey,TEN,WR,27,10,0.0,0.0,0.0,0.0,0.0,0.0,0.0,0.0,0.0,4.0,2.0,48.0,24.0,0.0,0.0,0.0,0,0.0,0.0,6.8,KinsMa00
Gage Larvadain,CLE,WR,23,13,0.0,0.0,0.0,0.0,0.0,1.0,3.0,3.0,0.0,14.0,7.0,71.0,10.14,0.0,4.0,1.0,0,0.0,0.0,12.4,LarvGa00
Aidan O'Connell,LVR,QB,27,1,10.0,22.0,102.0,0.0,0.0,1.0,7.0,7.0,0.0,0.0,0.0,0.0,0.0,0.0,0.0,0.0,0,0.0,0.0,4.8,OConAi00
Ronnie Rivers,LAR,RB,26,11,0.0,0.0,0.0,0.0,0.0,9.0,46.0,5.11,0.0,0.0,0.0,0.0,0.0,0.0,0.0,0.0,0,0.0,0.0,4.6,RiveRo01
Eric Saubert,SEA,TE,31,11,0.0,0.0,0.0,0.0,0.0,0.0,0.0,0.0,0.0,7.0,4.0,31.0,7.75,0.0,0.0,0.0,0,1.0,0.0,9.1,SaubEr00
Stone Smartt,NYJ,TE,27,15,0.0,0.0,0.0,0.0,0.0,0.0,0.0,0.0,0.0,9.0,7.0,52.0,7.43,0.0,0.0,0.0,0,0.0,0.0,12.2,SmarSt00
Austin Trammell,JAX,WR,27,6,0.0,0.0,0.0,0.0,0.0,0.0,0.0,0.0,0.0,10.0,3.0,46.0,15.33,0.0,0.0,0.0,0,0.0,0.0,7.6,TramAu00
Charlie Woerner,ATL,TE,28,17,0.0,0.0,0.0,0.0,0.0,0.0,0.0,0.0,0.0,9.0,8.0,48.0,6.0,0.0,0.0,0.0,0,0.0,0.0,12.8,WoerCh00
Dareke Young,SEA,WR,26,9,0.0,0.0,0.0,0.0,0.0,0.0,0.0,0.0,0.0,3.0,2.0,48.0,24.0,0.0,0.0,0.0,0,0.0,0.0,6.8,YounDa02
Braxton Berrios,HOU,WR,30,4,0.0,0.0,0.0,0.0,0.0,0.0,0.0,0.0,0.0,8.0,6.0,37.0,6.17,0.0,0.0,0.0,0,0.0,0.0,9.7,BerrBr00
Max Brosmer,MIN,QB,24,7,47.0,71.0,328.0,0.0,4.0,7.0,11.0,1.57,0.0,0.0,0.0,0.0,0.0,0.0,2.0,1.0,0,0.0,0.0,4.2,BrosMa00
Shane Buechele,KAN,QB,27,1,7.0,14.0,88.0,0.0,0.0,1.0,4.0,4.0,0.0,0.0,0.0,0.0,0.0,0.0,0.0,0.0,0,0.0,0.0,3.9,BuecSh00
Nathan Carter,ATL,RB,23,7,0.0,0.0,0.0,0.0,0.0,9.0,60.0,6.67,0.0,0.0,0.0,0.0,0.0,0.0,1.0,1.0,0,0.0,0.0,4.0,CartNa00
Julius Chestnut,TEN,RB,25,17,0.0,0.0,0.0,0.0,0.0,11.0,40.0,3.64,0.0,2.0,0.0,0.0,0.0,0.0,0.0,0.0,0,0.0,0.0,4.0,ChesJu00
Dylan Drummond,ATL,WR,25,9,0.0,0.0,0.0,0.0,0.0,0.0,0.0,0.0,0.0,11.0,7.0,42.0,6.0,0.0,0.0,0.0,0,0.0,0.0,11.2,DrumDy00
D'Wayne Eskridge,MIA,WR,28,13,0.0,0.0,0.0,0.0,0.0,0.0,0.0,0.0,0.0,7.0,4.0,62.0,15.5,0.0,1.0,1.0,0,0.0,0.0,8.2,EskrDW00
Kylen Granson,PHI,TE,27,17,0.0,0.0,0.0,0.0,0.0,0.0,0.0,0.0,0.0,9.0,7.0,40.0,5.71,0.0,0.0,0.0,0,0.0,0.0,11.0,GranKy00
Jalin Hyatt,NYG,WR,24,8,0.0,0.0,0.0,0.0,0.0,0.0,0.0,0.0,0.0,14.0,5.0,35.0,7.0,0.0,0.0,0.0,0,0.0,0.0,8.5,HyatJa00
Tom Kennedy,DET,WR,29,6,0.0,0.0,0.0,0.0,0.0,0.0,0.0,0.0,0.0,4.0,4.0,36.0,9.0,0.0,0.0,0.0,0,0.0,0.0,7.6,KennTo01
Keleki Latu,BUF,TE,23,5,0.0,0.0,0.0,0.0,0.0,0.0,0.0,0.0,0.0,4.0,4.0,35.0,8.75,0.0,0.0,0.0,0,0.0,0.0,7.5,LatuKe00
Albert Okwuegbunam,LVR,TE,27,1,0.0,0.0,0.0,0.0,0.0,0.0,0.0,0.0,0.0,6.0,5.0,36.0,7.2,0.0,0.0,0.0,0,0.0,0.0,8.6,OkwuAl00
Dameon Pierce,2TM,RB,25,5,0.0,0.0,0.0,0.0,0.0,14.0,36.0,2.57,0.0,1.0,0.0,0.0,0.0,0.0,0.0,0.0,0,0.0,0.0,3.6,PierDa01
Xavier Restrepo,TEN,WR,23,2,0.0,0.0,0.0,0.0,0.0,0.0,0.0,0.0,0.0,7.0,3.0,41.0,13.67,0.0,0.0,0.0,0,0.0,0.0,7.1,RestXa00
Cedrick Wilson Jr.,MIA,WR,30,10,0.0,0.0,0.0,0.0,0.0,0.0,0.0,0.0,0.0,9.0,5.0,44.0,8.8,0.0,0.0,0.0,0,0.0,0.0,9.4,WilsCe01
Tyson Bagent,CHI,QB,25,3,3.0,4.0,47.0,0.0,0.0,2.0,7.0,3.5,0.0,0.0,0.0,0.0,0.0,0.0,1.0,0.0,0,0.0,0.0,2.6,BageTy00
Teddy Bridgewater,TAM,QB,33,4,8.0,15.0,62.0,0.0,0.0,3.0,4.0,1.33,0.0,0.0,0.0,0.0,0.0,0.0,0.0,0.0,0,0.0,0.0,2.9,BridTe00
Jalen Brooks,2TM,WR,25,6,0.0,0.0,0.0,0.0,0.0,0.0,0.0,0.0,0.0,6.0,3.0,51.0,17.0,0.0,1.0,1.0,0,0.0,0.0,6.1,BrooJa03
Beaux Collins,NYG,WR,23,9,0.0,0.0,0.0,0.0,0.0,0.0,0.0,0.0,0.0,6.0,2.0,25.0,12.5,0.0,0.0,0.0,0,0.0,0.0,4.5,CollBe00
Devin Duvernay,CHI,WR,28,17,0.0,0.0,0.0,0.0,0.0,0.0,0.0,0.0,0.0,5.0,2.0,26.0,13.0,0.0,0.0,0.0,0,0.0,0.0,4.6,DuveDe00
Tai Felton,MIN,WR,22,17,0.0,0.0,0.0,0.0,0.0,0.0,0.0,0.0,0.0,3.0,3.0,25.0,8.33,0.0,0.0,0.0,0,0.0,0.0,5.5,FeltTa00
Reggie Gilliam,BUF,FB,28,17,0.0,0.0,0.0,0.0,0.0,2.0,4.0,2.0,0.0,2.0,2.0,24.0,12.0,0.0,0.0,0.0,0,0.0,0.0,4.8,GillRe00
Tyler Goodson,IND,RB,25,11,0.0,0.0,0.0,0.0,0.0,9.0,24.0,2.67,0.0,3.0,2.0,8.0,4.0,0.0,0.0,0.0,0,0.0,0.0,5.2,GoodTy00
KhaDarel Hodge,ATL,WR,30,12,0.0,0.0,0.0,0.0,0.0,0.0,0.0,0.0,0.0,10.0,3.0,31.0,10.33,0.0,0.0,0.0,0,0.0,0.0,6.1,HodgKh00
D'Ernest Johnson,2TM,RB,29,8,0.0,0.0,0.0,0.0,0.0,14.0,25.0,1.79,0.0,0.0,0.0,0.0,0.0,0.0,0.0,0.0,0,0.0,0.0,2.5,JohnDE04
Jacoby Jones,WAS,WR,24,1,0.0,0.0,0.0,0.0,0.0,0.0,0.0,0.0,0.0,1.0,1.0,25.0,25.0,0.0,0.0,0.0,0,0.0,0.0,3.5,JoneJa16
Velus Jones Jr.,2TM,WR,28,8,0.0,0.0,0.0,0.0,0.0,4.0,32.0,8.0,0.0,0.0,0.0,0.0,0.0,0.0,0.0,0.0,0,0.0,0.0,3.2,JoneVe00
Jonathan Mingo,DAL,WR,24,6,0.0,0.0,0.0,0.0,0.0,0.0,0.0,0.0,0.0,5.0,1.0,25.0,25.0,0.0,0.0,0.0,0,0.0,0.0,3.5,MingJo00
James Mitchell,CAR,TE,26,5,0.0,0.0,0.0,0.0,0.0,0.0,0.0,0.0,0.0,3.0,3.0,28.0,9.33,0.0,0.0,0.0,0,0.0,0.0,5.8,MitcJa00
Nikko Remigio,KAN,WR,26,14,0.0,0.0,0.0,0.0,0.0,1.0,11.0,11.0,0.0,1.0,1.0,21.0,21.0,0.0,2.0,0.0,0,0.0,0.0,4.2,RemiNi00
Ben Sims,2TM,TE,25,11,0.0,0.0,0.0,0.0,0.0,0.0,0.0,0.0,0.0,6.0,3.0,30.0,10.0,0.0,0.0,0.0,0,0.0,0.0,6.0,SimsBe00
Durham Smythe,CHI,TE,30,17,0.0,0.0,0.0,0.0,0.0,0.0,0.0,0.0,0.0,6.0,4.0,25.0,6.25,0.0,0.0,0.0,0,0.0,0.0,6.5,SmytDu00
Deven Thompkins,ATL,WR,26,7,0.0,0.0,0.0,0.0,0.0,1.0,5.0,5.0,0.0,3.0,3.0,27.0,9.0,0.0,0.0,0.0,0,0.0,0.0,6.2,ThomDe07
Jordan Watkins,SFO,WR,23,4,0.0,0.0,0.0,0.0,0.0,0.0,0.0,0.0,0.0,3.0,2.0,26.0,13.0,0.0,0.0,0.0,0,0.0,0.0,4.6,WatkJo00
Justin Watson,HOU,WR,29,3,0.0,0.0,0.0,0.0,0.0,0.0,0.0,0.0,0.0,4.0,3.0,30.0,10.0,0.0,0.0,0.0,0,0.0,0.0,6.0,WatsJu01
Jake Bobo,SEA,WR,27,11,0.0,0.0,0.0,0.0,0.0,0.0,0.0,0.0,0.0,2.0,2.0,20.0,10.0,0.0,0.0,0.0,0,0.0,0.0,4.0,BoboJa00
Britain Covey,PHI,WR,28,6,0.0,0.0,0.0,0.0,0.0,0.0,0.0,0.0,0.0,4.0,2.0,20.0,10.0,0.0,2.0,0.0,0,0.0,0.0,4.0,CoveBr00
DeeJay Dallas,2TM,RB,27,6,0.0,0.0,0.0,0.0,0.0,3.0,21.0,7.0,0.0,1.0,0.0,0.0,0.0,0.0,0.0,0.0,0,0.0,0.0,2.1,DallDe00
Joshua Dobbs,NWE,QB,30,4,7.0,10.0,65.0,0.0,0.0,10.0,-5.0,-0.5,0.0,0.0,0.0,0.0,0.0,0.0,0.0,0.0,0,0.0,0.0,2.1,DobbJo00
Clyde Edwards-Helaire,KAN,RB,26,2,0.0,0.0,0.0,0.0,0.0,7.0,13.0,1.86,0.0,2.0,2.0,9.0,4.5,0.0,0.0,0.0,0,0.0,0.0,4.2,EdwaCl00
Tucker Fisk,LAC,TE,26,10,0.0,0.0,0.0,0.0,0.0,0.0,0.0,0.0,0.0,4.0,2.0,19.0,9.5,0.0,0.0,0.0,0,0.0,0.0,3.9,FiskTu00
Roschon Johnson,CHI,RB,24,7,0.0,0.0,0.0,0.0,0.0,2.0,17.0,8.5,0.0,0.0,0.0,0.0,0.0,0.0,0.0,0.0,0,0.0,0.0,1.7,JohnRo07
Tim Jones,2TM,WR,27,4,0.0,0.0,0.0,0.0,0.0,0.0,0.0,0.0,0.0,1.0,1.0,15.0,15.0,0.0,0.0,0.0,0,0.0,0.0,2.5,JoneTi00
Jakobie Keeney-James,GNB,WR,25,1,0.0,0.0,0.0,0.0,0.0,0.0,0.0,0.0,0.0,2.0,2.0,15.0,7.5,0.0,0.0,0.0,0,0.0,0.0,3.5,KeenJa00
Lucas Krull,DEN,TE,27,3,0.0,0.0,0.0,0.0,0.0,0.0,0.0,0.0,0.0,4.0,2.0,15.0,7.5,0.0,0.0,0.0,0,0.0,0.0,3.5,KrulLu00
Will Mallory,IND,TE,26,2,0.0,0.0,0.0,0.0,0.0,0.0,0.0,0.0,0.0,1.0,1.0,16.0,16.0,0.0,0.0,0.0,0,0.0,0.0,2.6,MallWi00
Tay Martin,WAS,WR,28,3,0.0,0.0,0.0,0.0,0.0,0.0,0.0,0.0,0.0,2.0,2.0,23.0,11.5,0.0,0.0,0.0,0,0.0,0.0,4.3,MartTa00
Zaire Mitchell-Paden,2TM,TE,26,8,0.0,0.0,0.0,0.0,0.0,0.0,0.0,0.0,0.0,3.0,2.0,17.0,8.5,0.0,0.0,0.0,0,0.0,0.0,3.7,MitcZa00
David Moore,CAR,WR,30,4,0.0,0.0,0.0,0.0,0.0,1.0,12.0,12.0,0.0,1.0,1.0,5.0,5.0,0.0,0.0,0.0,0,0.0,0.0,2.7,MoorDa03
Tip Reiman,ARI,TE,24,4,0.0,0.0,0.0,0.0,0.0,0.0,0.0,0.0,0.0,5.0,3.0,18.0,6.0,0.0,0.0,0.0,0,0.0,0.0,4.8,ReimTi00
Cooper Rush,BAL,QB,32,4,34.0,52.0,303.0,0.0,4.0,4.0,-4.0,-1.0,0.0,0.0,0.0,0.0,0.0,0.0,1.0,1.0,0,0.0,0.0,1.7,RushCo00
Trent Sherfield,2TM,WR,29,12,0.0,0.0,0.0,0.0,0.0,0.0,0.0,0.0,0.0,5.0,3.0,21.0,7.0,0.0,0.0,0.0,0,0.0,0.0,5.1,SherTr00
Clayton Tune,GNB,QB,26,2,7.0,15.0,42.0,0.0,1.0,5.0,23.0,4.6,0.0,0.0,0.0,0.0,0.0,0.0,1.0,0.0,0,0.0,0.0,2.0,TuneCl00
Tahj Washington,MIA,WR,24,6,0.0,0.0,0.0,0.0,0.0,0.0,0.0,0.0,0.0,5.0,3.0,37.0,12.33,0.0,1.0,1.0,0,0.0,0.0,4.7,WashTa00
Jared Wayne,HOU,WR,25,1,0.0,0.0,0.0,0.0,0.0,0.0,0.0,0.0,0.0,2.0,2.0,20.0,10.0,0.0,0.0,0.0,0,0.0,0.0,4.0,WaynJa01
Jelani Woods,NYJ,TE,27,4,0.0,0.0,0.0,0.0,0.0,0.0,0.0,0.0,0.0,3.0,1.0,4.0,4.0,0.0,0.0,0.0,0,1.0,0.0,3.4,WoodJe01
Jacardia Wright,SEA,RB,25,1,0.0,0.0,0.0,0.0,0.0,5.0,20.0,4.0,0.0,0.0,0.0,0.0,0.0,0.0,0.0,0.0,0,0.0,0.0,2.0,WrigJa05
Colson Yankoff,WAS,TE,25,14,0.0,0.0,0.0,0.0,0.0,0.0,0.0,0.0,0.0,3.0,2.0,18.0,9.0,0.0,0.0,0.0,0,0.0,0.0,3.8,YankCo00
Shane Zylstra,DET,TE,29,6,0.0,0.0,0.0,0.0,0.0,0.0,0.0,0.0,0.0,5.0,3.0,20.0,6.67,0.0,0.0,0.0,0,0.0,0.0,5.0,ZylsSh00
Brandon Allen,TEN,QB,33,1,17.0,30.0,72.0,0.0,1.0,0.0,0.0,0.0,0.0,0.0,0.0,0.0,0.0,0.0,0.0,0.0,0,0.0,0.0,0.9,AlleBr00
Andre Baccellia,ARI,WR,28,5,0.0,0.0,0.0,0.0,0.0,0.0,0.0,0.0,0.0,4.0,2.0,8.0,4.0,0.0,0.0,0.0,0,0.0,0.0,2.8,BaccAn00
Alex Bachman,LVR,WR,29,13,0.0,0.0,0.0,0.0,0.0,0.0,0.0,0.0,0.0,3.0,2.0,12.0,6.0,0.0,1.0,0.0,0,0.0,0.0,3.2,BachAl00
Harrison Bryant,HOU,TE,27,12,0.0,0.0,0.0,0.0,0.0,0.0,0.0,0.0,0.0,6.0,2.0,7.0,3.5,0.0,0.0,0.0,0,0.0,0.0,2.7,BryaHa00
Sal Cannella,CLE,TE,29,2,0.0,0.0,0.0,0.0,0.0,0.0,0.0,0.0,0.0,5.0,2.0,11.0,5.5,0.0,0.0,0.0,0,0.0,0.0,3.1,CannSa00
Payne Durham,TAM,TE,25,17,0.0,0.0,0.0,0.0,0.0,0.0,0.0,0.0,0.0,4.0,1.0,11.0,11.0,0.0,0.0,0.0,0,0.0,0.0,2.1,DurhPa00
Ross Dwelley,DET,TE,30,11,0.0,0.0,0.0,0.0,0.0,0.0,0.0,0.0,0.0,5.0,2.0,7.0,3.5,0.0,0.0,0.0,0,0.0,0.0,2.7,DwelRo00
Myles Gaskin,SEA,RB,28,1,0.0,0.0,0.0,0.0,0.0,3.0,6.0,2.0,0.0,0.0,0.0,0.0,0.0,0.0,0.0,0.0,0,0.0,0.0,0.6,GaskMy00
Anthony Gould,IND,WR,24,11,0.0,0.0,0.0,0.0,0.0,0.0,0.0,0.0,0.0,2.0,2.0,6.0,3.0,0.0,0.0,0.0,0,0.0,0.0,2.6,GoulAn00
Cam Grandy,CIN,TE,25,5,0.0,0.0,0.0,0.0,0.0,0.0,0.0,0.0,0.0,2.0,2.0,7.0,3.5,0.0,1.0,0.0,0,0.0,0.0,2.7,GranCa00
Amar Johnson,LAC,RB,22,2,0.0,0.0,0.0,0.0,0.0,2.0,8.0,4.0,0.0,1.0,0.0,0.0,0.0,0.0,0.0,0.0,0,0.0,0.0,0.8,JohnAm00
Dylan Laube,LVR,RB,26,17,0.0,0.0,0.0,0.0,0.0,7.0,9.0,1.29,0.0,4.0,3.0,18.0,6.0,0.0,1.0,1.0,0,0.0,0.0,3.7,LaubDy00
Chris Manhertz,NYG,TE,33,17,0.0,0.0,0.0,0.0,0.0,0.0,0.0,0.0,0.0,2.0,1.0,7.0,7.0,0.0,0.0,0.0,0,0.0,0.0,1.7,ManhCh00
Moliki Matavao,NOR,TE,22,6,0.0,0.0,0.0,0.0,0.0,0.0,0.0,0.0,0.0,2.0,2.0,10.0,5.0,0.0,0.0,0.0,0,0.0,0.0,3.0,MataMo00
Kalel Mullings,TEN,RB,23,9,0.0,0.0,0.0,0.0,0.0,3.0,7.0,2.33,0.0,0.0,0.0,0.0,0.0,0.0,0.0,0.0,0,0.0,0.0,0.7,MullKa00
Bryce Oliver,TEN,WR,25,3,0.0,0.0,0.0,0.0,0.0,0.0,0.0,0.0,0.0,1.0,1.0,8.0,8.0,0.0,0.0,0.0,0,0.0,0.0,1.8,OlivBr02
Patrick Ricard,BAL,FB,31,11,0.0,0.0,0.0,0.0,0.0,1.0,3.0,3.0,0.0,2.0,1.0,8.0,8.0,0.0,0.0,0.0,0,0.0,0.0,2.1,RicaPa00
Anthony Richardson,IND,QB,23,2,1.0,2.0,9.0,0.0,0.0,4.0,-1.0,-0.25,0.0,1.0,1.0,9.0,9.0,0.0,0.0,0.0,0,0.0,0.0,2.2,RichAn03
Jacob Saylors,DET,RB,24,16,0.0,0.0,0.0,0.0,0.0,2.0,11.0,5.5,0.0,0.0,0.0,0.0,0.0,0.0,0.0,0.0,0,0.0,0.0,1.1,SaylJa00
Quentin Skinner,NYJ,WR,24,1,0.0,0.0,0.0,0.0,0.0,0.0,0.0,0.0,0.0,1.0,1.0,10.0,10.0,0.0,0.0,0.0,0,0.0,0.0,2.0,SkinQu00
Josh Williams,TAM,RB,25,3,0.0,0.0,0.0,0.0,0.0,4.0,11.0,2.75,0.0,0.0,0.0,0.0,0.0,0.0,0.0,0.0,0,0.0,0.0,1.1,WillJo011
Zach Wilson,MIA,QB,26,4,6.0,11.0,32.0,0.0,0.0,3.0,1.0,0.33,0.0,0.0,0.0,0.0,0.0,0.0,0.0,0.0,0,0.0,0.0,1.4,WilsZa00
Owen Wright,TAM,RB,26,3,0.0,0.0,0.0,0.0,0.0,3.0,6.0,2.0,0.0,0.0,0.0,0.0,0.0,0.0,0.0,0.0,0,0.0,0.0,0.6,WrigOw00
Ben Yurosek,MIN,TE,23,12,0.0,0.0,0.0,0.0,0.0,0.0,0.0,0.0,0.0,3.0,2.0,14.0,7.0,0.0,0.0,0.0,0,0.0,0.0,3.4,YuroBe00
Maurice Alexander,CHI,WR,28,1,0.0,0.0,0.0,0.0,0.0,0.0,0.0,0.0,0.0,0.0,0.0,0.0,0.0,0.0,0.0,0.0,0,0.0,0.0,0.0,AlexMa02
Kyle Allen,DET,QB,29,3,0.0,2.0,0.0,0.0,0.0,3.0,-3.0,-1.0,0.0,0.0,0.0,0.0,0.0,0.0,0.0,0.0,0,0.0,0.0,-0.3,AlleKy00
Ulysses Bentley,IND,RB,25,1,0.0,0.0,0.0,0.0,0.0,1.0,0.0,0.0,0.0,0.0,0.0,0.0,0.0,0.0,0.0,0.0,0,0.0,0.0,0.0,BentUl00
Chris Blair,ATL,WR,28,3,0.0,0.0,0.0,0.0,0.0,0.0,0.0,0.0,0.0,0.0,0.0,0.0,0.0,0.0,0.0,0.0,0,0.0,0.0,0.0,BlaiCh00
Gary Brightwell,CIN,RB,26,2,0.0,0.0,0.0,0.0,0.0,0.0,0.0,0.0,0.0,0.0,0.0,0.0,0.0,0.0,0.0,0.0,0,0.0,0.0,0.0,BrigGa00
Ja'Corey Brooks,WAS,WR,24,1,0.0,0.0,0.0,0.0,0.0,0.0,0.0,0.0,0.0,0.0,0.0,0.0,0.0,0.0,0.0,0.0,0,0.0,0.0,0.0,BrooJa04
Jason Brownlee,KAN,WR,26,6,0.0,0.0,0.0,0.0,0.0,0.0,0.0,0.0,0.0,1.0,0.0,0.0,0.0,0.0,0.0,0.0,0,0.0,0.0,0.0,BrowJa07
Pharaoh Brown,ARI,TE,31,7,0.0,0.0,0.0,0.0,0.0,0.0,0.0,0.0,0.0,2.0,2.0,1.0,0.5,0.0,0.0,0.0,0,0.0,0.0,2.1,BrowPh01
Lawrence Cager,WAS,TE,28,1,0.0,0.0,0.0,0.0,0.0,0.0,0.0,0.0,0.0,0.0,0.0,0.0,0.0,0.0,0.0,0.0,0,0.0,0.0,0.0,CageLa01
Dalen Cambre,NYG,WR,24,7,0.0,0.0,0.0,0.0,0.0,0.0,0.0,0.0,0.0,0.0,0.0,0.0,0.0,0.0,0.0,0.0,0,0.0,0.0,0.0,CambDa00
Dalevon Campbell,CAR,WR,24,2,0.0,0.0,0.0,0.0,0.0,0.0,0.0,0.0,0.0,0.0,0.0,0.0,0.0,0.0,0.0,0.0,0,0.0,0.0,0.0,CampDa01
Parris Campbell,DAL,WR,28,1,0.0,0.0,0.0,0.0,0.0,0.0,0.0,0.0,0.0,0.0,0.0,0.0,0.0,0.0,0.0,0.0,0,0.0,0.0,0.0,CampPa00
Stephen Carlson,CHI,TE,29,2,0.0,0.0,0.0,0.0,0.0,0.0,0.0,0.0,0.0,0.0,0.0,0.0,0.0,0.0,0.0,0.0,0,0.0,0.0,0.0,CarlSt00
DeAndre Carter,CLE,WR,32,4,0.0,0.0,0.0,0.0,0.0,0.0,0.0,0.0,0.0,0.0,0.0,0.0,0.0,0.0,1.0,0.0,0,0.0,0.0,0.0,CartDe02
Dan Chisena,CAR,WR,28,1,0.0,0.0,0.0,0.0,0.0,0.0,0.0,0.0,0.0,0.0,0.0,0.0,0.0,0.0,0.0,0.0,0,0.0,0.0,0.0,ChisDa00
River Cracraft,WAS,WR,31,2,0.0,0.0,0.0,0.0,0.0,0.0,0.0,0.0,0.0,0.0,0.0,0.0,0.0,0.0,0.0,0.0,0,0.0,0.0,0.0,CracRi00
Malik Cunningham,DET,WR,27,1,0.0,0.0,0.0,0.0,0.0,1.0,1.0,1.0,0.0,0.0,0.0,0.0,0.0,0.0,0.0,0.0,0,0.0,0.0,0.1,CunnMa00
Drake Dabney,GNB,TE,23,2,0.0,0.0,0.0,0.0,0.0,0.0,0.0,0.0,0.0,2.0,1.0,3.0,3.0,0.0,0.0,0.0,0,0.0,0.0,1.3,DabnDr00
Kaden Davis,CLE,WR,27,2,0.0,0.0,0.0,0.0,0.0,0.0,0.0,0.0,0.0,0.0,0.0,0.0,0.0,0.0,0.0,0.0,0,0.0,0.0,0.0,DaviKa02
Zach Davidson,NYG,TE,27,1,0.0,0.0,0.0,0.0,0.0,0.0,0.0,0.0,0.0,0.0,0.0,0.0,0.0,0.0,0.0,0.0,0,0.0,0.0,0.0,DaviZa00
CJ Dippre,NWE,TE,23,2,0.0,0.0,0.0,0.0,0.0,0.0,0.0,0.0,0.0,0.0,0.0,0.0,0.0,0.0,0.0,0.0,0,0.0,0.0,0.0,DippCJ00
Chase Edmonds,WAS,RB,29,3,0.0,0.0,0.0,0.0,0.0,0.0,0.0,0.0,0.0,0.0,0.0,0.0,0.0,0.0,0.0,0.0,0,0.0,0.0,0.0,EdmoCh00
Princeton Fant,DAL,TE,26,1,0.0,0.0,0.0,0.0,0.0,0.0,0.0,0.0,0.0,0.0,0.0,0.0,0.0,0.0,0.0,0.0,0,0.0,0.0,0.0,FantPr00
Simi Fehoko,ARI,WR,28,8,0.0,0.0,0.0,0.0,0.0,0.0,0.0,0.0,0.0,0.0,0.0,0.0,0.0,0.0,0.0,0.0,0,0.0,0.0,0.0,FehoSi00
Thomas Fidone,NYG,TE,23,7,0.0,0.0,0.0,0.0,0.0,0.0,0.0,0.0,0.0,0.0,0.0,0.0,0.0,0.0,0.0,0.0,0,0.0,0.0,0.0,FidoTh00
Feleipe Franks,ATL,TE,28,17,0.0,0.0,0.0,0.0,0.0,2.0,4.0,2.0,0.0,0.0,0.0,0.0,0.0,0.0,0.0,0.0,0,0.0,0.0,0.4,FranFe00
Russell Gage,SFO,WR,29,1,0.0,0.0,0.0,0.0,0.0,0.0,0.0,0.0,0.0,0.0,0.0,0.0,0.0,0.0,0.0,0.0,0,0.0,0.0,0.0,GageRu00
Eric Gray,NYG,RB,26,4,0.0,0.0,0.0,0.0,0.0,0.0,0.0,0.0,0.0,0.0,0.0,0.0,0.0,0.0,0.0,0.0,0,0.0,0.0,0.0,GrayEr01
Isaac Guerendo,SFO,RB,25,14,0.0,0.0,0.0,0.0,0.0,0.0,0.0,0.0,0.0,0.0,0.0,0.0,0.0,0.0,0.0,0.0,0,0.0,0.0,0.0,GuerIs00
Nyheim Hines,2TM,RB,29,4,0.0,0.0,0.0,0.0,0.0,2.0,-2.0,-1.0,0.0,0.0,0.0,0.0,0.0,0.0,0.0,0.0,0,0.0,0.0,-0.2,HineNy00
Jimmy Holiday,KAN,WR,24,1,0.0,0.0,0.0,0.0,0.0,0.0,0.0,0.0,0.0,0.0,0.0,0.0,0.0,0.0,0.0,0.0,0,0.0,0.0,0.0,HoliJi00
Travis Homer,CHI,RB,27,10,0.0,0.0,0.0,0.0,0.0,1.0,-2.0,-2.0,0.0,0.0,0.0,0.0,0.0,0.0,0.0,0.0,0,0.0,0.0,-0.2,HomeTr00
Zach Horton,DET,TE,23,2,0.0,0.0,0.0,0.0,0.0,0.0,0.0,0.0,0.0,0.0,0.0,0.0,0.0,0.0,0.0,0.0,0,0.0,0.0,0.0,HortZa00
Jarquez Hunter,LAR,RB,23,5,0.0,0.0,0.0,0.0,0.0,0.0,0.0,0.0,0.0,0.0,0.0,0.0,0.0,0.0,0.0,0.0,0,0.0,0.0,0.0,HuntJa03
Jordan James,SFO,RB,21,3,0.0,0.0,0.0,0.0,0.0,0.0,0.0,0.0,0.0,0.0,0.0,0.0,0.0,0.0,0.0,0.0,0,0.0,0.0,0.0,JameJo01
Jermar Jefferson,ARI,RB,25,2,0.0,0.0,0.0,0.0,0.0,0.0,0.0,0.0,0.0,0.0,0.0,0.0,0.0,0.0,0.0,0.0,0,0.0,0.0,0.0,JeffJe00
E.J. Jenkins,PHI,TE,27,2,0.0,0.0,0.0,0.0,0.0,0.0,0.0,0.0,0.0,0.0,0.0,0.0,0.0,0.0,0.0,0.0,0,0.0,0.0,0.0,JenkEJ00
Jakob Johnson,HOU,FB,31,7,0.0,0.0,0.0,0.0,0.0,0.0,0.0,0.0,0.0,0.0,0.0,0.0,0.0,0.0,0.0,0.0,0,0.0,0.0,0.0,JohnJa12
Jeshaun Jones,MIN,WR,26,1,0.0,0.0,0.0,0.0,0.0,0.0,0.0,0.0,0.0,0.0,0.0,0.0,0.0,0.0,0.0,0.0,0,0.0,0.0,0.0,JoneJe01
Nikola Kalinic,CHI,TE,28,2,0.0,0.0,0.0,0.0,0.0,0.0,0.0,0.0,0.0,0.0,0.0,0.0,0.0,0.0,0.0,0.0,0,0.0,0.0,0.0,KaliNi00
Nick Kallerup,SEA,TE,24,9,0.0,0.0,0.0,0.0,0.0,0.0,0.0,0.0,0.0,1.0,0.0,0.0,0.0,0.0,0.0,0.0,0,0.0,0.0,0.0,KallNi00
Ko Kieft,TAM,TE,27,3,0.0,0.0,0.0,0.0,0.0,0.0,0.0,0.0,0.0,0.0,0.0,0.0,0.0,0.0,0.0,0.0,0,0.0,0.0,0.0,KiefKo00
Cameron Latu,PHI,TE,25,15,0.0,0.0,0.0,0.0,0.0,0.0,0.0,0.0,0.0,0.0,0.0,0.0,0.0,0.0,0.0,0.0,0,0.0,0.0,0.0,LatuCa01
Marcedes Lewis,DEN,TE,41,5,0.0,0.0,0.0,0.0,0.0,0.0,0.0,0.0,0.0,0.0,0.0,0.0,0.0,0.0,0.0,0.0,0,0.0,0.0,0.0,LewiMa00
Drew Lock,SEA,QB,29,5,2.0,3.0,15.0,0.0,0.0,6.0,-5.0,-0.83,0.0,0.0,0.0,0.0,0.0,0.0,2.0,0.0,0,0.0,0.0,0.1,LockDr00
Dominic Lovett,DET,WR,23,12,0.0,0.0,0.0,0.0,0.0,0.0,0.0,0.0,0.0,0.0,0.0,0.0,0.0,0.0,0.0,0.0,0,0.0,0.0,0.0,LoveDo00
Adrian Martinez,SFO,QB,25,1,0.0,0.0,0.0,0.0,0.0,1.0,-1.0,-1.0,0.0,0.0,0.0,0.0,0.0,0.0,0.0,0.0,0,0.0,0.0,-0.1,MartAd00
Sean McKeon,IND,TE,28,1,0.0,0.0,0.0,0.0,0.0,0.0,0.0,0.0,0.0,0.0,0.0,0.0,0.0,0.0,0.0,0.0,0,0.0,0.0,0.0,McKeSe01
Jackson Meeks,DET,WR,22,2,0.0,0.0,0.0,0.0,0.0,0.0,0.0,0.0,0.0,0.0,0.0,0.0,0.0,0.0,0.0,0.0,0,0.0,0.0,0.0,MeekJa00
Kendall Milton,CIN,RB,23,1,0.0,0.0,0.0,0.0,0.0,2.0,2.0,1.0,0.0,0.0,0.0,0.0,0.0,0.0,0.0,0.0,0,0.0,0.0,0.2,MiltKe01
Jordan Mims,TEN,RB,26,1,0.0,0.0,0.0,0.0,0.0,0.0,0.0,0.0,0.0,0.0,0.0,0.0,0.0,0.0,0.0,0.0,0,0.0,0.0,0.0,MimsJo00
Gardner Minshew II,KAN,QB,29,4,6.0,13.0,37.0,0.0,1.0,6.0,2.0,0.33,0.0,0.0,0.0,0.0,0.0,0.0,0.0,0.0,0,0.0,0.0,-0.3,MinsGa00
Elijah Mitchell,KAN,RB,27,1,0.0,0.0,0.0,0.0,0.0,0.0,0.0,0.0,0.0,1.0,0.0,0.0,0.0,0.0,0.0,0.0,0,0.0,0.0,0.0,MitcEl00
Jalen Moreno-Cropper,DAL,WR,24,3,0.0,0.0,0.0,0.0,0.0,0.0,0.0,0.0,0.0,0.0,0.0,0.0,0.0,0.0,1.0,0.0,0,0.0,0.0,0.0,MoreJa01
Nick Mullens,JAX,QB,30,5,3.0,3.0,19.0,0.0,0.0,12.0,-8.0,-0.67,0.0,0.0,0.0,0.0,0.0,0.0,0.0,0.0,0,0.0,0.0,0.0,MullNi00
Lew Nichols,PIT,RB,24,1,0.0,0.0,0.0,0.0,0.0,0.0,0.0,0.0,0.0,0.0,0.0,0.0,0.0,0.0,0.0,0.0,0,0.0,0.0,0.0,NichLe00
Robbie Ouzts,SEA,FB,23,12,0.0,0.0,0.0,0.0,0.0,0.0,0.0,0.0,0.0,0.0,0.0,0.0,0.0,0.0,0.0,0.0,0,0.0,0.0,0.0,OuztRo00
Coleman Owen,IND,WR,24,2,0.0,0.0,0.0,0.0,0.0,0.0,0.0,0.0,0.0,1.0,0.0,0.0,0.0,0.0,0.0,0.0,0,0.0,0.0,0.0,OwenCo00
Tejhaun Palmer,ARI,WR,25,1,0.0,0.0,0.0,0.0,0.0,0.0,0.0,0.0,0.0,0.0,0.0,0.0,0.0,0.0,0.0,0.0,0,0.0,0.0,0.0,PalmTe00
Brennan Presley,LAR,WR,23,1,0.0,0.0,0.0,0.0,0.0,0.0,0.0,0.0,0.0,0.0,0.0,0.0,0.0,0.0,0.0,0.0,0,0.0,0.0,0.0,PresBr00
Teagan Quitoriano,ATL,TE,25,17,0.0,0.0,0.0,0.0,0.0,0.0,0.0,0.0,0.0,0.0,0.0,0.0,0.0,0.0,0.0,0.0,0,0.0,0.0,0.0,QuitTe00
Craig Reynolds,DET,RB,29,7,0.0,0.0,0.0,0.0,0.0,3.0,4.0,1.33,0.0,0.0,0.0,0.0,0.0,0.0,0.0,0.0,0,0.0,0.0,0.4,ReynCr00
Giovanni Ricci,DET,TE,29,3,0.0,0.0,0.0,0.0,0.0,0.0,0.0,0.0,0.0,1.0,0.0,0.0,0.0,0.0,0.0,0.0,0,0.0,0.0,0.0,RiccGi00
JP Richardson,CHI,WR,23,1,0.0,0.0,0.0,0.0,0.0,0.0,0.0,0.0,0.0,0.0,0.0,0.0,0.0,0.0,0.0,0.0,0,0.0,0.0,0.0,RichJP00
Jalen Royals,KAN,WR,22,7,0.0,0.0,0.0,0.0,0.0,0.0,0.0,0.0,0.0,3.0,2.0,4.0,2.0,0.0,0.0,0.0,0,0.0,0.0,2.4,RoyaJa00
Hayden Rucci,MIA,TE,24,4,0.0,0.0,0.0,0.0,0.0,0.0,0.0,0.0,0.0,0.0,0.0,0.0,0.0,0.0,0.0,0.0,0,0.0,0.0,0.0,RuccHa00
Carter Runyon,LVR,TE,24,13,0.0,0.0,0.0,0.0,0.0,0.0,0.0,0.0,0.0,1.0,1.0,3.0,3.0,0.0,0.0,0.0,0,0.0,0.0,1.3,RunyCa00
Brady Russell,SEA,FB,27,17,0.0,0.0,0.0,0.0,0.0,0.0,0.0,0.0,0.0,1.0,0.0,0.0,0.0,0.0,0.0,0.0,0,0.0,0.0,0.0,RussBr00
Brett Rypien,CIN,QB,29,1,0.0,0.0,0.0,0.0,0.0,0.0,0.0,0.0,0.0,0.0,0.0,0.0,0.0,0.0,0.0,0.0,0,0.0,0.0,0.0,RypiBr00
Cody Schrader,LAR,RB,26,1,0.0,0.0,0.0,0.0,0.0,0.0,0.0,0.0,0.0,0.0,0.0,0.0,0.0,0.0,0.0,0.0,0,0.0,0.0,0.0,SchrCo00
Trey Sermon,PIT,RB,26,4,0.0,0.0,0.0,0.0,0.0,0.0,0.0,0.0,0.0,0.0,0.0,0.0,0.0,0.0,0.0,0.0,0,0.0,0.0,0.0,SermTr00
Justin Shorter,LVR,WR,25,7,0.0,0.0,0.0,0.0,0.0,0.0,0.0,0.0,0.0,0.0,0.0,0.0,0.0,0.0,0.0,0.0,0,0.0,0.0,0.0,ShorJu00
Steven Sims,ARI,WR,28,3,0.0,0.0,0.0,0.0,0.0,0.0,0.0,0.0,0.0,1.0,0.0,0.0,0.0,0.0,0.0,0.0,0,0.0,0.0,0.0,SimsSt00
Kedon Slovis,ARI,QB,24,2,1.0,2.0,-2.0,0.0,0.0,0.0,0.0,0.0,0.0,0.0,0.0,0.0,0.0,0.0,0.0,0.0,0,0.0,0.0,-0.1,SlovKe00
Brandon Smith,NYJ,WR,27,2,0.0,0.0,0.0,0.0,0.0,0.0,0.0,0.0,0.0,0.0,0.0,0.0,0.0,0.0,0.0,0.0,0,0.0,0.0,0.0,SmitBr07
Jarrett Stidham,DEN,QB,29,1,0.0,0.0,0.0,0.0,0.0,1.0,-1.0,-1.0,0.0,0.0,0.0,0.0,0.0,0.0,0.0,0.0,0,0.0,0.0,-0.1,StidJa00
Robert Tonyan,KAN,TE,31,17,0.0,0.0,0.0,0.0,0.0,0.0,0.0,0.0,0.0,1.0,1.0,1.0,1.0,0.0,0.0,0.0,0,0.0,0.0,1.1,TonyRo00
Samori Toure,NOR,WR,27,1,0.0,0.0,0.0,0.0,0.0,0.0,0.0,0.0,0.0,3.0,1.0,3.0,3.0,0.0,0.0,0.0,0,0.0,0.0,1.3,TourSa00
Laquon Treadwell,IND,WR,30,10,0.0,0.0,0.0,0.0,0.0,0.0,0.0,0.0,0.0,0.0,0.0,0.0,0.0,0.0,0.0,0.0,0,0.0,0.0,0.0,TreaLa00
Cole Turner,TEN,TE,25,1,0.0,0.0,0.0,0.0,0.0,0.0,0.0,0.0,0.0,0.0,0.0,0.0,0.0,0.0,0.0,0.0,0,0.0,0.0,0.0,TurnCo00
DJ Turner,LVR,WR,28,1,0.0,0.0,0.0,0.0,0.0,0.0,0.0,0.0,0.0,0.0,0.0,0.0,0.0,0.0,0.0,0.0,0,0.0,0.0,0.0,TurnDJ00
Malik Turner,SFO,WR,29,3,0.0,0.0,0.0,0.0,0.0,0.0,0.0,0.0,0.0,1.0,0.0,0.0,0.0,0.0,0.0,0.0,0,0.0,0.0,0.0,TurnMa00
Sione Vaki,DET,RB,24,11,0.0,0.0,0.0,0.0,0.0,1.0,4.0,4.0,0.0,0.0,0.0,0.0,0.0,0.0,0.0,0.0,0,0.0,0.0,0.4,VakiSi00
Nick Vannett,2TM,TE,32,10,0.0,0.0,0.0,0.0,0.0,0.0,0.0,0.0,0.0,0.0,0.0,0.0,0.0,0.0,0.0,0.0,0,0.0,0.0,0.0,VannNi00
Travis Vokolek,ARI,TE,27,5,0.0,0.0,0.0,0.0,0.0,0.0,0.0,0.0,0.0,0.0,0.0,0.0,0.0,0.0,0.0,0.0,0,0.0,0.0,0.0,VokoTr00
Carlos Washington,ATL,RB,27,1,0.0,0.0,0.0,0.0,0.0,0.0,0.0,0.0,0.0,0.0,0.0,0.0,0.0,0.0,0.0,0.0,0,0.0,0.0,0.0,WashCa00
Treyton Welch,NOR,TE,24,3,0.0,0.0,0.0,0.0,0.0,0.0,0.0,0.0,0.0,0.0,0.0,0.0,0.0,0.0,0.0,0.0,0,0.0,0.0,0.0,WelcTr00
Jack Westover,NWE,FB,26,17,0.0,0.0,0.0,0.0,0.0,0.0,0.0,0.0,0.0,2.0,1.0,0.0,0.0,0.0,0.0,0.0,0,0.0,0.0,1.0,WestJa01
Blake Whiteheart,CLE,TE,25,17,0.0,0.0,0.0,0.0,0.0,0.0,0.0,0.0,0.0,6.0,2.0,4.0,2.0,0.0,1.0,0.0,0,0.0,0.0,2.4,WhitBl01
Ricky White,SEA,WR,23,2,0.0,0.0,0.0,0.0,0.0,0.0,0.0,0.0,0.0,0.0,0.0,0.0,0.0,0.0,0.0,0.0,0,0.0,0.0,0.0,WhitRi01
Jared Wiley,KAN,TE,25,5,0.0,0.0,0.0,0.0,0.0,0.0,0.0,0.0,0.0,1.0,1.0,4.0,4.0,0.0,0.0,0.0,0,0.0,0.0,1.4,WileJa00
Avery Williams,NYJ,WR,27,1,0.0,0.0,0.0,0.0,0.0,0.0,0.0,0.0,0.0,0.0,0.0,0.0,0.0,0.0,0.0,0.0,0,0.0,0.0,0.0,WillAv02
Brayden Willis,SFO,TE,26,6,0.0,0.0,0.0,0.0,0.0,0.0,0.0,0.0,0.0,1.0,0.0,0.0,0.0,0.0,0.0,0.0,0,0.0,0.0,0.0,WillBr06
Jeff Wilson,MIA,RB,30,3,0.0,0.0,0.0,0.0,0.0,0.0,0.0,0.0,0.0,0.0,0.0,0.0,0.0,0.0,0.0,0.0,0,0.0,0.0,0.0,WilsJe01
Derius Davis,LAC,WR,25,11,0.0,0.0,0.0,0.0,0.0,2.0,5.0,2.5,0.0,3.0,2.0,10.0,5.0,0.0,1.0,1.0,0,0.0,0.0,1.5,DaviDe02
Jimmy Garoppolo,LAR,QB,34,3,0.0,0.0,0.0,0.0,0.0,9.0,-10.0,-1.11,0.0,0.0,0.0,0.0,0.0,0.0,0.0,0.0,0,0.0,0.0,-1.0,GaroJi00
Ke'Shawn Williams,2TM,WR,24,11,0.0,0.0,0.0,0.0,0.0,2.0,10.0,5.0,0.0,1.0,1.0,5.0,5.0,0.0,2.0,1.0,0,0.0,0.0,0.5,WillKe08
Jamal Agnew,ATL,WR,30,11,0.0,0.0,0.0,0.0,0.0,0.0,0.0,0.0,0.0,0.0,0.0,0.0,0.0,0.0,3.0,1.0,0,0.0,0.0,-2.0,AgneJa00
Mecole Hardman,BUF,WR,27,2,0.0,0.0,0.0,0.0,0.0,0.0,0.0,0.0,0.0,1.0,0.0,0.0,0.0,0.0,1.0,1.0,0,0.0,0.0,-2.0,HardMe00
Jalen Milroe,SEA,QB,23,3,0.0,0.0,0.0,0.0,0.0,3.0,4.0,1.33,0.0,0.0,0.0,0.0,0.0,0.0,1.0,1.0,0,0.0,0.0,-1.6,MilrJa00
LaJohntay Wester,BAL,WR,23,17,0.0,0.0,0.0,0.0,0.0,0.0,0.0,0.0,0.0,0.0,0.0,0.0,0.0,0.0,2.0,1.0,0,0.0,0.0,-2.0,WestLa01
Xavier Gipson,3TM,WR,24,7,0.0,0.0,0.0,0.0,0.0,0.0,0.0,0.0,0.0,2.0,2.0,6.0,3.0,0.0,3.0,2.0,0,0.0,0.0,-1.4,GipsXa00
Myles Price,MIN,WR,24,16,0.0,0.0,0.0,0.0,0.0,0.0,0.0,0.0,0.0,0.0,0.0,0.0,0.0,0.0,4.0,3.0,0,0.0,0.0,-6.0,PricMy00
