PPR,player_id
362.3,TaylJo02
416.6,McCaCh01
370.8,RobiBi01
366.9,GibbJa01
375.0,NacuPu00
359.9,SmitJa06
302.2,CookJa01
279.5,HenrDe00
322.8,AchaDe00
364.6,AlleJo02
324.0,StxxAm00
315.9,McBrTr01
291.9,PickGe00
352.0,MayeDr00
350.4,StafMa00
263.3,WillKy02
313.6,ChasJa00
253.9,EtieTr00
338.2,LawrTr00
282.6,BrowCh10
242.8,WillJa10
237.1,JacoJo01
268.0,OlavCh00
228.6,SwifDA00
232.3,BarkSa00
222.9,AdamDa01
318.7,WillCa03
313.8,PresDa01
245.1,JeanAs00
243.3,FlowZa00
226.2,CollNi00
219.9,WillJa11
211.6,HiggTe00
304.8,NixxBo00
216.3,DowdRi01
217.1,WarrJa01
219.7,SuttCo00
299.1,HurtJa00
297.1,GoffJa00
220.6,WilsMi02
220.3,BrowAJ00
207.7,HallBr03
206.2,HendTr02
211.4,McMiTe00
185.1,GoedDa00
210.8,PittKy00
183.3,PierAl00
201.9,LondDr00
178.8,HenrHu00
286.9,HerbJu00
195.7,EgbuEm01
193.2,KelcTr00
285.7,MahoPa00
181.4,CharZa00
191.9,WalkKe00
194.1,WaddJa00
206.6,HarvRJ00
186.4,FannHa00
187.2,MetcDK00
184.7,WashPa01
188.5,WarrTy00
176.2,BoweBr01
200.9,LambCe00
217.9,RobiWa01
210.3,DiggSt00
201.8,SmitDe07
202.4,PittMi01
185.8,PollTo00
165.1,LoveCo00
171.2,JohnQu02
170.2,MoorD.00
188.1,FergJa00
161.5,KittGe00
173.3,JennJa00
271.9,MayfBa00
241.6,DartJa00
235.1,LoveJo03
235.4,DarnSa00
227.4,BrisJa00
226.4,JoneDa05
227.1,RodgAa00
218.0,YounBr01
214.9,JackLa00
208.5,StroCJ00
186.7,WardCa00
177.4,PurdBr00
173.9,SmitGe00
160.7,TagoTu00
158.0,ShouTy00
221.3,GainKe00
146.7,FlacJo00
178.8,StevRh00
169.8,JudkQu00
142.7,FielJu00
166.9,MontDa01
134.5,BurrJo01
140.3,CrosJa00
130.0,JoneMa05
146.7,MonaKy00
145.4,HuntKa00
151.1,MarkWo00
125.5,MariMa01
125.4,McCaJJ00
160.8,TracTy00
120.3,PeniMi00
201.5,JeffJu00
188.2,SamuDe00
128.9,MasoJo00
180.9,McCoLa00
122.2,CoruBl00
114.3,DaniJa02
177.1,FranTr00
165.4,DoubRo00
123.0,AllgTy00
138.5,IrviBu00
115.9,DobbJK00
161.7,TuckTr00
103.5,CousKi00
135.7,HampOm00
127.7,SkatCa00
179.9,JohnJu02
143.0,WhitRa01
182.7,AlleKe00
146.1,OdunRo00
117.9,VidaKi00
175.8,MeyeJa01
99.1,RattSp00
156.6,ShahRa00
150.1,RiceRa01
132.4,WatsCh00
177.7,SchuDa00
147.3,BarnAJ00
125.4,HubbCh01
166.4,ShakKh00
135.1,AddiJo00
124.1,BoutKa00
118.7,JoneAa00
108.8,SingDe00
138.8,ThomBr06
137.7,BrowMa04
129.5,HiggJa00
92.0,RodrCh00
127.8,HarrMa09
126.1,KincDa00
129.8,ParkCo02
117.2,KrafTu00
84.9,SandSh00
131.0,AndrMa00
127.8,JohnTh00
91.4,TuckSe00
131.4,GadsOr01
127.9,BurdLu00
94.5,WilsEm00
88.6,TuteBh00
126.1,DikeCh00
136.4,DownJo00
77.8,MurrKy00
116.5,AyomEl00
126.4,ErtzZa00
100.3,JohnTy02
114.2,McLaTe00
88.3,ChubNi00
114.0,FlouRy00
113.6,FreiPa00
100.7,NailJa00
118.0,StraBr00
120.7,JeudJe00
92.9,KnigZo00
116.7,WashMa00
70.1,GabrDi00
70.3,WentCa00
116.3,KuppCo00
68.6,MillDa02
100.7,KamaAl00
103.7,KnoxDa00
124.0,OkonCh00
87.3,PachIs00
109.9,WortXa00
113.4,HollMa00
106.9,LaPoSa01
111.7,SpeaTy00
99.0,CartMi03
95.8,DougDe00
88.7,WallDa01
102.4,ColeKe02
92.4,JohnTe03
99.5,WilsGa00
98.0,HutcXa00
122.2,OttoCa00
112.8,HockTJ00
98.8,SlayDa01
80.8,ThorTy00
77.9,PeriSa00
75.9,TeSlIs00
59.5,TaylTy00
93.3,TongJa00
84.5,TurpKa00
90.4,CokeJa01
89.9,IosiAn00
93.0,MimsMa00
86.2,AustCa00
92.1,BourKe00
84.8,EvanMi00
87.9,MitcAd00
62.5,RobiBr01
87.6,SampDy00
64.1,DaviRa04
89.3,LegeXa00
102.8,EngrEv00
86.3,NjokDa00
88.6,PearRi00
65.1,HortTo00
53.8,BigsTa00
51.2,WillMa12
71.2,DaviIs00
83.0,GodwCh00
82.3,MoonDa00
49.8,WilsRu00
48.7,BrowJa08
78.7,KmetCo00
91.7,HelmGu00
72.7,McNiJe00
54.1,GordOl00
85.2,SmitJo01
75.1,DortGr01
71.1,HigbTy00
55.4,MitcKe01
75.8,WickDo00
84.8,ZaccOl01
58.3,DemeEm00
67.0,HopkDe00
88.9,TaylMa02
74.8,BryaPa00
65.2,HillJu00
70.7,GesiMi00
60.0,NealDe00
66.8,RaymKa00
82.0,ShepSt00
48.2,WrigJa04
68.4,NoelJa00
73.4,WashDa03
43.3,WinsJa00
59.6,BellDa00
74.8,FantNo00
52.1,FergTe00
70.0,GoldMa02
70.0,JeffVa00
73.1,LockTy00
73.5,SmitJu00
66.3,VeleDe00
40.1,HuntTy01
51.3,McCaLu00
55.0,OlivJo00
62.8,AlleDa02
40.6,DaviMa02
69.4,HarrTr03
73.8,MayeMi00
71.9,MetcJo00
57.1,NabeMa00
60.0,TillCe01
49.2,WillKy03
59.3,HoopAu00
63.3,SmitBr09
54.7,BondIs00
62.8,DulcGr00
52.7,HaweJa00
51.7,PatrTi00
63.9,TremTo00
55.4,BateRa00
48.1,EstiAu00
63.8,HuntTr00
58.2,RobiDe01
61.7,LikeIs00
53.5,HillTy00
57.0,JuszKy00
49.2,LaneJa00
58.7,WillIs03
50.2,DotsJa00
33.2,EwerQu00
31.7,RivePh00
37.6,WalkDe01
41.8,HillTa00
45.5,ShavTy00
49.1,SillDa01
31.1,TrubMi00
49.7,BrowDy00
57.9,KirkCh01
52.3,PalmJo00
48.5,ReedJa03
47.3,RidlCa00
48.3,SmitXa00
48.2,EvanMi01
47.8,HudsTa00
29.0,LeonRi02
51.9,CookBr00
28.5,CookBr03
58.1,HiggEl00
33.3,MillKe01
38.6,MoorCh00
46.3,TolbJa00
31.4,McLaJa00
38.6,WilsRo02
37.7,JohnTy00
36.2,KolaCh00
45.5,TrauAd00
31.2,AtweTu00
33.3,ConnJa00
49.2,MusgLu00
54.0,SandJa01
39.2,ScotZa00
27.4,HeywCo00
24.4,JohnJo05
37.0,LuepHu00
33.8,OlszGu00
46.9,RuckJe00
31.6,TinsMi00
29.7,JordJa00
25.7,PattJa01
36.8,WrigBr01
36.9,ArroEl00
42.4,BechJa00
35.4,BensTr01
34.6,HumpLi01
31.6,CorlMa00
23.2,GibsAn00
32.5,LongHu00
35.9,RenfHu00
39.6,ThieAd00
26.7,WalkJa03
35.9,AbduAm00
33.0,AustKe00
32.7,BrooCh00
28.6,MoorEl00
25.9,WeasTh00
20.4,BlueJa01
29.0,BurkTr00
30.9,DaviGa01
29.5,FarrLu00
26.7,SandMi01
30.7,AlieMo00
43.6,FordJe00
38.8,GrayNo00
27.5,HodgIs00
28.7,HornJi00
30.3,JoneZa00
29.9,McMiJa01
32.0,ValdMa00
36.3,WhitJo04
23.0,BeckAn01
29.4,MostRa00
31.9,SampDr00
20.3,SandRa00
28.4,SinnBe00
35.4,BadiTy00
27.3,BateJo00
31.0,HillJu02
30.0,TremBr00
25.5,WillSa01
24.2,AlixRa00
24.8,AlleLe01
20.0,DuliAs00
25.2,MumpKo00
15.0,RudoMa00
24.0,SpanBr00
18.0,WhitCo05
22.6,CalcGr00
16.5,ChisEf00
15.6,HamxC.00
15.2,JennTe00
17.7,JohnKa01
13.5,LancTr00
13.8,McKeTa01
24.1,OgunDa00
21.1,SamuCu00
23.5,ThorDo00
15.3,AlleBr05
25.2,FitzJo00
14.8,HolaGe00
23.0,LazaAl00
27.2,SchoLu00
16.9,SkowBe00
15.9,JackSh01
17.5,MorrQu00
23.1,ReynJo00
16.8,AdkiNa00
16.1,LambKe01
20.1,MundJo00
10.9,NwanKe00
11.2,OladCh00
19.7,PettDa00
16.6,StolJa00
24.4,ThomIa00
20.7,ThraJa01
14.5,WallTy00
9.7,BrowBr06
17.3,ConkTy00
9.5,DaltAn00
20.7,DissWi00
9.6,GiddDJ00
10.3,MiltJo00
14.8,MoorSk01
15.7,PrenAd00
14.6,WhylJo01
13.0,BandMi00
18.1,ConnTa00
18.2,CoopDa01
11.7,EtieTr01
11.6,HarrNa00
14.6,HeatMa00
10.9,MafaPh00
13.0,MartDa01
11.4,MillRy01
12.7,OgleAn00
17.5,ShipWi00
20.4,TiptMa00
15.4,WashCa01
19.9,WestNi00
17.1,WillTr06
10.3,BellRo01
7.8,BrooBr01
13.3,BrowNo00
11.1,DeguJo00
13.1,EkelAu00
8.8,JohnKa03
7.7,PickKe00
19.9,StovCa00
7.2,AkerCa00
7.6,CulpDe00
9.3,KineCo00
13.9,McClRa00
12.5,ProcJa00
13.5,SmitAr01
13.7,WeavXa00
8.8,ChanTy01
9.1,DillAJ00
10.0,HaskHa00
6.6,HerbKh00
14.1,IngoAl01
6.0,JoneCh11
15.2,MillSc01
12.9,MoreFo00
9.6,WhitZa01
10.3,AndeRo04
8.8,BateBr00
6.4,BrooTa00
13.3,FirkAn00
6.4,HullEv00
6.8,KinsMa00
12.4,LarvGa00
4.8,OConAi00
4.6,RiveRo01
9.1,SaubEr00
12.2,SmarSt00
7.6,TramAu00
12.8,WoerCh00
6.8,YounDa02
9.7,BerrBr00
4.2,BrosMa00
3.9,BuecSh00
4.0,CartNa00
4.0,ChesJu00
11.2,DrumDy00
8.2,EskrDW00
11.0,GranKy00
8.5,HyatJa00
7.6,KennTo01
7.5,LatuKe00
8.6,OkwuAl00
3.6,PierDa01
7.1,RestXa00
9.4,WilsCe01
2.6,BageTy00
2.9,BridTe00
6.1,BrooJa03
4.5,CollBe00
4.6,DuveDe00
5.5,FeltTa00
4.8,GillRe00
5.2,GoodTy00
6.1,HodgKh00
2.5,JohnDE04
3.5,JoneJa16
3.2,JoneVe00
3.5,MingJo00
5.8,MitcJa00
4.2,RemiNi00
6.0,SimsBe00
6.5,SmytDu00
6.2,ThomDe07
4.6,WatkJo00
6.0,WatsJu01
4.0,BoboJa00
4.0,CoveBr00
2.1,DallDe00
2.1,DobbJo00
4.2,EdwaCl00
3.9,FiskTu00
1.7,JohnRo07
2.5,JoneTi00
3.5,KeenJa00
3.5,KrulLu00
2.6,MallWi00
4.3,MartTa00
3.7,MitcZa00
2.7,MoorDa03
4.8,ReimTi00
1.7,RushCo00
5.1,SherTr00
2.0,TuneCl00
4.7,WashTa00
4.0,WaynJa01
3.4,WoodJe01
2.0,WrigJa05
3.8,YankCo00
5.0,ZylsSh00
0.9,AlleBr00
2.8,BaccAn00
3.2,BachAl00
2.7,BryaHa00
3.1,CannSa00
2.1,DurhPa00
2.7,DwelRo00
0.6,GaskMy00
2.6,GoulAn00
2.7,GranCa00
0.8,JohnAm00
3.7,LaubDy00
1.7,ManhCh00
3.0,MataMo00
0.7,MullKa00
1.8,OlivBr02
2.1,RicaPa00
2.2,RichAn03
1.1,SaylJa00
2.0,SkinQu00
1.1,WillJo011
1.4,WilsZa00
0.6,WrigOw00
3.4,YuroBe00
0.0,AlexMa02
-0.3,AlleKy00
0.0,BentUl00
0.0,BlaiCh00
0.0,BrigGa00
0.0,BrooJa04
0.0,BrowJa07
2.1,BrowPh01
0.0,CageLa01
0.0,CambDa00
0.0,CampDa01
0.0,CampPa00
0.0,CarlSt00
0.0,CartDe02
0.0,ChisDa00
0.0,CracRi00
0.1,CunnMa00
1.3,DabnDr00
0.0,DaviKa02
0.0,DaviZa00
0.0,DippCJ00
0.0,EdmoCh00
0.0,FantPr00
0.0,FehoSi00
0.0,FidoTh00
0.4,FranFe00
0.0,GageRu00
0.0,GrayEr01
0.0,GuerIs00
-0.2,HineNy00
0.0,HoliJi00
-0.2,HomeTr00
0.0,HortZa00
0.0,HuntJa03
0.0,JameJo01
0.0,JeffJe00
0.0,JenkEJ00
0.0,JohnJa12
0.0,JoneJe01
0.0,KaliNi00
0.0,KallNi00
0.0,KiefKo00
0.0,LatuCa01
0.0,LewiMa00
0.1,LockDr00
0.0,LoveDo00
-0.1,MartAd00
0.0,McKeSe01
0.0,MeekJa00
0.2,MiltKe01
0.0,MimsJo00
-0.3,MinsGa00
0.0,MitcEl00
0.0,MoreJa01
0.0,MullNi00
0.0,NichLe00
0.0,OuztRo00
0.0,OwenCo00
0.0,PalmTe00
0.0,PresBr00
0.0,QuitTe00
0.4,ReynCr00
0.0,RiccGi00
0.0,RichJP00
2.4,RoyaJa00
0.0,RuccHa00
1.3,RunyCa00
0.0,RussBr00
0.0,RypiBr00
0.0,SchrCo00
0.0,SermTr00
0.0,ShorJu00
0.0,SimsSt00
-0.1,SlovKe00
0.0,SmitBr07
-0.1,StidJa00
1.1,TonyRo00
1.3,TourSa00
0.0,TreaLa00
0.0,TurnCo00
0.0,TurnDJ00
0.0,TurnMa00
0.4,VakiSi00
0.0,VannNi00
0.0,VokoTr00
0.0,WashCa00
0.0,WelcTr00
1.0,WestJa01
2.4,WhitBl01
0.0,WhitRi01
1.4,WileJa00
0.0,WillAv02
0.0,WillBr06
0.0,WilsJe01
1.5,DaviDe02
-1.0,GaroJi00
0.5,WillKe08
-2.0,AgneJa00
-2.0,HardMe00
-1.6,MilrJa00
-2.0,WestLa01
-1.4,GipsXa00
-6.0,PricMy00
