Player,Tm,FantPos,Age,G,player_id
Jonathan Taylor,IND,RB,26,17,TaylJo02
Christian McCaffrey,SFO,RB,29,17,McCaCh01
Bijan Robinson,ATL,RB,23,17,RobiBi01
Jahmyr Gibbs,DET,RB,23,17,GibbJa01
Puka Nacua,LAR,WR,24,16,NacuPu00
Jaxon Smith-Njigba,SEA,WR,23,17,SmitJa06
James Cook,BUF,RB,26,17,CookJa01
Derrick Henry,BAL,RB,31,17,HenrDe00
De'Von Achane,MIA,RB,24,16,AchaDe00
Josh Allen,BUF,QB,29,17,AlleJo02
Amon-Ra St. Brown,DET,WR,26,17,StxxAm00
Trey McBride,ARI,TE,26,17,McBrTr01
George Pickens,DAL,WR,24,17,PickGe00
Drake Maye,NWE,QB,23,17,MayeDr00
Matthew Stafford,LAR,QB,37,17,StafMa00
Kyren Williams,LAR,RB,25,17,WillKy02
Ja'Marr Chase,CIN,WR,25,16,ChasJa00
Travis Etienne,JAX,RB,26,17,EtieTr00
Trevor Lawrence,JAX,QB,26,17,LawrTr00
Chase Brown,CIN,RB,25,17,BrowCh10
Javonte Williams,DAL,RB,25,16,WillJa10
Josh Jacobs,GNB,RB,27,15,JacoJo01
Chris Olave,NOR,WR,25,16,OlavCh00
D'Andre Swift,CHI,RB,26,16,SwifDA00
Saquon Barkley,PHI,RB,28,16,BarkSa00
Davante Adams,LAR,WR,33,14,AdamDa01
Caleb Williams,CHI,QB,24,17,WillCa03
Dak Prescott,DAL,QB,32,17,PresDa01
Ashton Jeanty,LVR,RB,22,17,JeanAs00
Zay Flowers,BAL,WR,25,17,FlowZa00
Nico Collins,HOU,WR,26,15,CollNi00
Jameson Williams,DET,WR,24,17,WillJa11
Tee Higgins,CIN,WR,26,15,HiggTe00
Bo Nix,DEN,QB,25,17,NixxBo00
Rico Dowdle,CAR,RB,27,17,DowdRi01
Jaylen Warren,PIT,RB,27,16,WarrJa01
Courtland Sutton,DEN,WR,30,17,SuttCo00
Jalen Hurts,PHI,QB,27,16,HurtJa00
Jared Goff,DET,QB,31,17,GoffJa00
Michael Wilson,ARI,WR,25,17,WilsMi02
A.J. Brown,PHI,WR,28,15,BrowAJ00
Breece Hall,NYJ,RB,24,16,HallBr03
TreVeyon Henderson,NWE,RB,23,17,HendTr02
Tetairoa McMillan,CAR,WR,22,17,McMiTe00
Dallas Goedert,PHI,TE,30,15,GoedDa00
Kyle Pitts,ATL,TE,25,17,PittKy00
Alec Pierce,IND,WR,25,15,PierAl00
Drake London,ATL,WR,24,12,LondDr00
Hunter Henry,NWE,TE,31,17,HenrHu00
Justin Herbert,LAC,QB,27,16,HerbJu00
Emeka Egbuka,TAM,WR,23,17,EgbuEm01
Travis Kelce,KAN,TE,36,17,KelcTr00
Patrick Mahomes,KAN,QB,30,14,MahoPa00
Zach Charbonnet,SEA,RB,24,16,CharZa00
Kenneth Walker III,SEA,RB,25,17,WalkKe00
Jaylen Waddle,MIA,WR,27,16,WaddJa00
RJ Harvey,DEN,RB,24,17,HarvRJ00
Harold Fannin,CLE,TE,21,16,FannHa00
D.K. Metcalf,PIT,WR,28,15,MetcDK00
Parker Washington,JAX,WR,23,16,WashPa01
Tyler Warren,IND,TE,23,17,WarrTy00
Brock Bowers,LVR,TE,23,12,BoweBr01
CeeDee Lamb,DAL,WR,26,14,LambCe00
Wan'Dale Robinson,NYG,WR,24,16,RobiWa01
Stefon Diggs,NWE,WR,32,17,DiggSt00
DeVonta Smith,PHI,WR,27,17,SmitDe07
Michael Pittman Jr.,IND,WR,28,17,PittMi01
Tony Pollard,TEN,RB,28,17,PollTo00
Colston Loveland,CHI,TE,21,16,LoveCo00
Quentin Johnston,LAC,WR,24,14,JohnQu02
D.J. Moore,CHI,WR,28,17,MoorD.00
Jake Ferguson,DAL,TE,26,17,FergJa00
George Kittle,SFO,TE,32,11,KittGe00
Jauan Jennings,SFO,WR,28,15,JennJa00
Baker Mayfield,TAM,QB,30,17,MayfBa00
Jaxson Dart,NYG,QB,22,14,DartJa00
Jordan Love,GNB,QB,27,15,LoveJo03
Sam Darnold,SEA,QB,28,17,DarnSa00
Jacoby Brissett,ARI,QB,33,14,BrisJa00
Daniel Jones,IND,QB,28,13,JoneDa05
Aaron Rodgers,PIT,QB,42,16,RodgAa00
Bryce Young,CAR,QB,24,16,YounBr01
Lamar Jackson,BAL,QB,28,13,JackLa00
C.J. Stroud,HOU,QB,24,14,StroCJ00
Cam Ward,TEN,QB,23,17,WardCa00
Brock Purdy,SFO,QB,26,9,PurdBr00
Geno Smith,LVR,QB,35,15,SmitGe00
Tua Tagovailoa,MIA,QB,27,14,TagoTu00
Tyler Shough,NOR,QB,26,11,ShouTy00
Kenneth Gainwell,PIT,RB,26,17,GainKe00
Joe Flacco,2TM,QB,40,13,FlacJo00
Rhamondre Stevenson,NWE,RB,27,14,StevRh00
Quinshon Judkins,CLE,RB,22,14,JudkQu00
Justin Fields,NYJ,QB,26,9,FielJu00
David Montgomery,DET,RB,28,17,MontDa01
Joe Burrow,CIN,QB,29,8,BurrJo01
Jacory Croskey-Merritt,WAS,RB,24,17,CrosJa00
Mac Jones,SFO,QB,27,11,JoneMa05
Kyle Monangai,CHI,RB,23,17,MonaKy00
Kareem Hunt,KAN,RB,30,17,HuntKa00
Woody Marks,HOU,RB,25,16,MarkWo00
Marcus Mariota,WAS,QB,32,11,MariMa01
J.J. McCarthy,MIN,QB,22,10,McCaJJ00
Tyrone Tracy Jr.,NYG,RB,26,15,TracTy00
Michael Penix,ATL,QB,25,9,PeniMi00
Justin Jefferson,MIN,WR,26,17,JeffJu00
Deebo Samuel,WAS,WR,29,16,SamuDe00
Jordan Mason,MIN,RB,26,16,MasoJo00
Ladd McConkey,LAC,WR,24,16,McCoLa00
Blake Corum,LAR,RB,25,17,CoruBl00
Jayden Daniels,WAS,QB,25,7,DaniJa02
Troy Franklin,DEN,WR,22,17,FranTr00
Romeo Doubs,GNB,WR,25,16,DoubRo00
Tyler Allgeier,ATL,RB,25,17,AllgTy00
Bucky Irving,TAM,RB,23,10,IrviBu00
J.K. Dobbins,DEN,RB,27,10,DobbJK00
Tre Tucker,LVR,WR,24,17,TuckTr00
Kirk Cousins,ATL,QB,37,10,CousKi00
Omarion Hampton,LAC,RB,22,9,HampOm00
Cam Skattebo,NYG,RB,23,8,SkatCa00
Juwan Johnson,NOR,TE,29,17,JohnJu02
Rachaad White,TAM,RB,26,17,WhitRa01
Keenan Allen,LAC,WR,33,17,AlleKe00
Rome Odunze,CHI,WR,23,12,OdunRo00
Kimani Vidal,LAC,RB,24,13,VidaKi00
Jakobi Meyers,2TM,WR,29,16,MeyeJa01
Spencer Rattler,NOR,QB,25,9,RattSp00
Rashid Shaheed,2TM,WR,27,18,ShahRa00
Rashee Rice,KAN,WR,25,8,RiceRa01
Christian Watson,GNB,WR,26,10,WatsCh00
Dalton Schultz,HOU,TE,29,17,SchuDa00
AJ Barner,SEA,TE,23,17,BarnAJ00
Chuba Hubbard,CAR,RB,26,15,HubbCh01
Khalil Shakir,BUF,WR,25,16,ShakKh00
Jordan Addison,MIN,WR,23,14,AddiJo00
Kayshon Boutte,NWE,WR,23,14,BoutKa00
Aaron Jones,MIN,RB,31,12,JoneAa00
Devin Singletary,NYG,RB,28,17,SingDe00
Brian Thomas,JAX,WR,23,14,ThomBr06
Marquise Brown,KAN,WR,28,16,BrowMa04
Jayden Higgins,HOU,WR,23,17,HiggJa00
Chris Rodriguez,WAS,RB,25,13,RodrCh00
Marvin Harrison Jr.,ARI,WR,23,12,HarrMa09
Dalton Kincaid,BUF,TE,26,12,KincDa00
Colby Parkinson,LAR,TE,26,15,ParkCo02
Tucker Kraft,GNB,TE,25,8,KrafTu00
Shedeur Sanders,CLE,QB,23,8,SandSh00
Mark Andrews,BAL,TE,30,17,AndrMa00
Theo Johnson,NYG,TE,24,15,JohnTh00
Sean Tucker,TAM,RB,24,17,TuckSe00
Oronde Gadsden II,LAC,TE,22,15,GadsOr01
Luther Burden,CHI,WR,22,15,BurdLu00
Emanuel Wilson,GNB,RB,26,17,WilsEm00
Bhayshul Tuten,JAX,RB,22,15,TuteBh00
Chimere Dike,TEN,WR,24,17,DikeCh00
Josh Downs,IND,WR,24,16,DownJo00
Kyler Murray,ARI,QB,28,5,MurrKy00
Elic Ayomanor,TEN,WR,22,16,AyomEl00
Zach Ertz,WAS,TE,35,13,ErtzZa00
Ty Johnson,BUF,RB,28,17,JohnTy02
Terry McLaurin,WAS,WR,30,10,McLaTe00
Nick Chubb,HOU,RB,30,15,ChubNi00
Ryan Flournoy,DAL,WR,26,16,FlouRy00
Pat Freiermuth,PIT,TE,27,17,FreiPa00
Jalen Nailor,MIN,WR,26,17,NailJa00
Brenton Strange,JAX,TE,25,12,StraBr00
Jerry Jeudy,CLE,WR,26,17,JeudJe00
Zonovan Knight,ARI,RB,24,12,KnigZo00
Malik Washington,MIA,WR,24,17,WashMa00
Dillon Gabriel,CLE,QB,25,10,GabrDi00
Carson Wentz,MIN,QB,33,5,WentCa00
Cooper Kupp,SEA,WR,32,16,KuppCo00
Davis Mills,HOU,QB,27,6,MillDa02
Alvin Kamara,NOR,RB,30,11,KamaAl00
Dawson Knox,BUF,TE,29,17,KnoxDa00
Chig Okonkwo,TEN,TE,26,17,OkonCh00
Isiah Pacheco,KAN,RB,26,13,PachIs00
Xavier Worthy,KAN,WR,22,14,WortXa00
Mack Hollins,NWE,WR,32,15,HollMa00
Sam LaPorta,DET,TE,24,9,LaPoSa01
Tyjae Spears,TEN,RB,24,13,SpeaTy00
Michael Carter,ARI,RB,26,13,CartMi03
DeMario Douglas,NWE,WR,25,17,DougDe00
Darren Waller,MIA,TE,33,9,WallDa01
Keon Coleman,BUF,WR,22,13,ColeKe02
Tez Johnson,TAM,WR,23,16,JohnTe03
Garrett Wilson,NYJ,WR,25,7,WilsGa00
Xavier Hutchinson,HOU,WR,25,17,HutcXa00
Cade Otton,TAM,TE,26,16,OttoCa00
T.J. Hockenson,MIN,TE,28,15,HockTJ00
Darius Slayton,NYG,WR,28,14,SlayDa01
Tyquan Thornton,KAN,WR,25,14,ThorTy00
Samaje Perine,CIN,RB,30,15,PeriSa00
Isaac TeSlaa,DET,WR,23,17,TeSlIs00
Tyrod Taylor,NYJ,QB,36,6,TaylTy00
Jake Tonges,SFO,TE,26,17,TongJa00
KaVontae Turpin,DAL,WR,29,15,TurpKa00
Jalen Coker,CAR,WR,24,11,CokeJa01
Andrei Iosivas,CIN,WR,26,17,IosiAn00
Marvin Mims,DEN,WR,23,15,MimsMa00
Calvin Austin III,PIT,WR,26,14,AustCa00
Kendrick Bourne,SFO,WR,30,16,BourKe00
Mike Evans,TAM,WR,32,8,EvanMi00
Adonai Mitchell,2TM,WR,23,16,MitcAd00
Brian Robinson Jr.,SFO,RB,26,17,RobiBr01
Dylan Sampson,CLE,RB,21,15,SampDy00
Ray Davis,BUF,RB,26,17,DaviRa04
Xavier Legette,CAR,WR,24,15,LegeXa00
Evan Engram,DEN,TE,31,16,EngrEv00
David Njoku,CLE,TE,29,12,NjokDa00
Ricky Pearsall,SFO,WR,25,9,PearRi00
Tory Horton,SEA,WR,23,8,HortTo00
Tank Bigsby,2TM,RB,24,17,BigsTa00
Malik Willis,GNB,QB,26,4,WillMa12
Isaiah Davis,NYJ,RB,23,16,DaviIs00
Chris Godwin,TAM,WR,29,9,GodwCh00
Darnell Mooney,ATL,WR,28,15,MoonDa00
Russell Wilson,NYG,QB,37,6,WilsRu00
Jake Browning,CIN,QB,29,5,BrowJa08
Cole Kmet,CHI,TE,26,16,KmetCo00
Gunnar Helm,TEN,TE,23,16,HelmGu00
Jeremy McNichols,WAS,RB,30,17,McNiJe00
Ollie Gordon,MIA,RB,21,17,GordOl00
Jonnu Smith,PIT,TE,30,17,SmitJo01
Greg Dortch,ARI,WR,27,12,DortGr01
Tyler Higbee,LAR,TE,32,10,HigbTy00
Keaton Mitchell,BAL,RB,23,13,MitcKe01
Dontayvion Wicks,GNB,WR,24,14,WickDo00
Olamide Zaccheaus,CHI,WR,28,16,ZaccOl01
Emari Demercado,ARI,RB,26,13,DemeEm00
DeAndre Hopkins,BAL,WR,33,17,HopkDe00
Mason Taylor,NYJ,TE,21,13,TaylMa02
Pat Bryant,DEN,WR,23,15,BryaPa00
Justice Hill,BAL,RB,28,10,HillJu00
Mike Gesicki,CIN,TE,30,13,GesiMi00
Devin Neal,NOR,RB,22,10,NealDe00
Kalif Raymond,DET,WR,31,15,RaymKa00
Sterling Shepard,TAM,WR,32,13,ShepSt00
Jaylen Wright,MIA,RB,22,10,WrigJa04
Jaylin Noel,HOU,WR,23,17,NoelJa00
Darnell Washington,PIT,TE,24,16,WashDa03
Jameis Winston,NYG,QB,31,3,WinsJa00
Daniel Bellinger,NYG,TE,25,16,BellDa00
Noah Fant,CIN,TE,28,15,FantNo00
Terrance Ferguson,LAR,TE,22,14,FergTe00
Matthew Golden,GNB,WR,22,14,GoldMa02
Van Jefferson,TEN,WR,29,16,JeffVa00
Tyler Lockett,2TM,WR,33,17,LockTy00
JuJu Smith-Schuster,KAN,WR,29,17,SmitJu00
Devaughn Vele,NOR,WR,28,13,VeleDe00
Tyler Huntley,BAL,QB,27,5,HuntTy01
Luke McCaffrey,WAS,WR,24,9,McCaLu00
Josh Oliver,MIN,TE,28,15,OlivJo00
Davis Allen,LAR,TE,24,17,AlleDa02
Malik Davis,DAL,RB,27,10,DaviMa02
Tre Harris,LAC,WR,23,17,HarrTr03
Michael Mayer,LVR,TE,24,13,MayeMi00
John Metchie,2TM,WR,25,16,MetcJo00
Malik Nabers,NYG,WR,22,4,NabeMa00
Cedric Tillman,CLE,WR,25,13,TillCe01
Kyle Williams,NWE,WR,23,17,WillKy03
Austin Hooper,NWE,TE,31,16,HoopAu00
Brashard Smith,KAN,RB,22,17,SmitBr09
Isaiah Bond,CLE,WR,21,16,BondIs00
Greg Dulcich,MIA,TE,25,10,DulcGr00
Jackson Hawes,BUF,TE,25,17,HaweJa00
Tim Patrick,JAX,WR,32,16,PatrTi00
Tommy Tremble,CAR,TE,25,17,TremTo00
Rashod Bateman,BAL,WR,26,13,BateRa00
Audric Estime,NOR,RB,22,7,EstiAu00
Travis Hunter,JAX,WR,22,7,HuntTr00
Demarcus Robinson,SFO,WR,31,14,RobiDe01
Isaiah Likely,BAL,TE,25,14,LikeIs00
Tyreek Hill,MIA,WR,31,4,HillTy00
Kyle Juszczyk,SFO,FB,34,17,JuszKy00
Jaylin Lane,WAS,WR,23,15,LaneJa00
Isaiah Williams,NYJ,WR,24,15,WillIs03
Jahan Dotson,PHI,WR,25,17,DotsJa00
Quinn Ewers,MIA,QB,22,4,EwerQu00
Philip Rivers,IND,QB,44,3,RivePh00
Devontez Walker,BAL,WR,24,12,WalkDe01
Taysom Hill,NOR,TE,35,13,HillTa00
Tyrell Shavers,BUF,WR,26,17,ShavTy00
David Sills V,ATL,WR,29,17,SillDa01
Mitchell Trubisky,BUF,QB,31,4,TrubMi00
Dyami Brown,JAX,WR,26,14,BrowDy00
Christian Kirk,HOU,WR,29,13,KirkCh01
Josh Palmer,BUF,WR,26,12,PalmJo00
Jayden Reed,GNB,WR,25,7,ReedJa03
Calvin Ridley,TEN,WR,31,7,RidlCa00
Xavier Smith,LAR,WR,28,16,SmitXa00
Mitchell Evans,CAR,TE,22,17,EvanMi01
Tanner Hudson,CIN,TE,31,15,HudsTa00
Riley Leonard,IND,QB,23,5,LeonRi02
Brandin Cooks,2TM,WR,32,15,CookBr00
Brady Cook,NYJ,QB,24,5,CookBr03
Elijah Higgins,ARI,TE,25,17,HiggEl00
Kendre Miller,NOR,RB,23,7,MillKe01
Chris Moore,WAS,WR,32,14,MoorCh00
Jalen Tolbert,DAL,WR,26,13,TolbJa00
Jaleel McLaughlin,DEN,RB,25,8,McLaJa00
Roman Wilson,PIT,WR,24,13,WilsRo02
Tyler Johnson,NYJ,WR,27,12,JohnTy00
Charlie Kolar,BAL,TE,26,17,KolaCh00
Adam Trautman,DEN,TE,28,17,TrauAd00
Tutu Atwell,LAR,WR,26,10,AtweTu00
James Conner,ARI,RB,30,3,ConnJa00
Luke Musgrave,GNB,TE,25,17,MusgLu00
Ja'Tavion Sanders,CAR,TE,22,13,SandJa01
Zavier Scott,MIN,RB,26,16,ScotZa00
Connor Heyward,PIT,TE,26,17,HeywCo00
Josh Johnson,WAS,QB,39,5,JohnJo05
Hunter Luepke,DAL,RB,25,17,LuepHu00
Gunner Olszewski,NYG,WR,29,16,OlszGu00
Jeremy Ruckert,NYJ,TE,25,17,RuckJe00
Mitchell Tinsley,CIN,WR,26,17,TinsMi00
Jawhar Jordan,HOU,RB,26,4,JordJa00
Jaret Patterson,LAC,RB,26,6,PattJa01
Brock Wright,DET,TE,27,11,WrigBr01
Elijah Arroyo,SEA,TE,22,13,ArroEl00
Jack Bech,LVR,WR,23,16,BechJa00
Trey Benson,ARI,RB,23,4,BensTr01
Lil'Jordan Humphrey,2TM,WR,27,10,HumpLi01
Malachi Corley,CLE,WR,23,13,CorlMa00
Antonio Gibson,NWE,RB,27,5,GibsAn00
Hunter Long,JAX,TE,27,9,LongHu00
Hunter Renfrow,CAR,WR,30,6,RenfHu00
Adam Thielen,2TM,WR,35,16,ThieAd00
Jahdae Walker,CHI,WR,23,9,WalkJa03
Ameer Abdullah,IND,RB,32,13,AbduAm00
Kevin Austin,NOR,WR,25,8,AustKe00
Chris Brooks,GNB,RB,25,17,BrooCh00
Elijah Moore,BUF,WR,25,9,MoorEl00
Elijah Moore,DEN,WR,25,0,MoorEl00
Theo Wease,MIA,WR,24,3,WeasTh00
Jaydon Blue,DAL,RB,21,5,BlueJa01
Treylon Burks,WAS,WR,25,8,BurkTr00
Gabe Davis,BUF,WR,26,6,DaviGa01
Luke Farrell,SFO,TE,28,17,FarrLu00
Miles Sanders,DAL,RB,28,4,SandMi01
Mo Alie-Cox,IND,TE,32,17,AlieMo00
Jerome Ford,CLE,RB,26,13,FordJe00
Noah Gray,KAN,TE,26,16,GrayNo00
Isaiah Hodgins,NYG,WR,27,7,HodgIs00
Jimmy Horn,CAR,WR,23,13,HornJi00
Zay Jones,ARI,WR,30,8,JoneZa00
Jalen McMillan,TAM,WR,24,4,McMiJa01
Marquez Valdes-Scantling,2TM,WR,31,10,ValdMa00
Jordan Whittington,LAR,WR,25,17,WhitJo04
Andrew Beck,NYJ,FB,29,17,BeckAn01
Raheem Mostert,LVR,RB,33,12,MostRa00
Drew Sample,CIN,TE,29,17,SampDr00
Raheim Sanders,CLE,RB,23,4,SandRa00
Ben Sinnott,WAS,TE,23,16,SinnBe00
Tyler Badie,DEN,RB,25,16,BadiTy00
John Bates,WAS,TE,28,15,BateJo00
Julian Hill,MIA,TE,25,14,HillJu02
Brycen Tremayne,CAR,WR,26,16,TremBr00
Savion Williams,GNB,WR,24,12,WillSa01
Rasheen Ali,BAL,RB,24,15,AlixRa00
LeQuint Allen,JAX,RB,21,17,AlleLe01
Ashton Dulin,IND,WR,28,12,DuliAs00
Konata Mumpfield,LAR,WR,23,17,MumpKo00
Mason Rudolph,PIT,QB,30,5,RudoMa00
Brevyn Spann-Ford,DAL,TE,26,17,SpanBr00
Cody White,SEA,WR,27,10,WhitCo05
Grant Calcaterra,PHI,TE,27,15,CalcGr00
Efton Chism,NWE,WR,24,8,ChisEf00
C.J. Ham,MIN,FB,32,11,HamxC.00
Terrell Jennings,NWE,RB,24,7,JennTe00
Kameron Johnson,TAM,WR,23,17,JohnKa01
Trey Lance,LAC,QB,25,4,LancTr00
Tanner McKee,PHI,QB,25,4,McKeTa01
Dare Ogunbowale,HOU,RB,31,17,OgunDa00
Curtis Samuel,BUF,WR,29,6,SamuCu00
Dont'e Thornton,LVR,WR,23,15,ThorDo00
Braelon Allen,NYJ,RB,21,4,AlleBr05
John FitzPatrick,GNB,TE,25,15,FitzJo00
George Holani,SEA,RB,26,11,HolaGe00
Allen Lazard,NYJ,WR,30,10,LazaAl00
Luke Schoonmaker,DAL,TE,27,17,SchoLu00
Ben Skowronek,PIT,WR,28,17,SkowBe00
Shedrick Jackson,LVR,WR,26,5,JackSh01
Quintin Morris,JAX,TE,26,14,MorrQu00
Josh Reynolds,NYJ,WR,30,5,ReynJo00
Nate Adkins,DEN,TE,26,9,AdkiNa00
KeAndre Lambert-Smith,LAC,WR,24,10,LambKe01
Johnny Mundt,JAX,TE,31,16,MundJo00
Kene Nwangwu,NYJ,RB,27,12,NwanKe00
Chris Oladokun,KAN,QB,28,3,OladCh00
Dante Pettis,NOR,WR,30,8,PettDa00
Jack Stoll,NOR,TE,27,15,StolJa00
Ian Thomas,LVR,TE,29,15,ThomIa00
Jamari Thrash,CLE,WR,25,9,ThraJa01
Tylan Wallace,BAL,WR,26,14,WallTy00
Brittain Brown,CHI,RB,28,3,BrowBr06
Tyler Conklin,LAC,TE,30,13,ConkTy00
Andy Dalton,CAR,QB,38,4,DaltAn00
Will Dissly,LAC,TE,29,9,DissWi00
DJ Giddens,IND,RB,22,9,GiddDJ00
Joe Milton,DAL,QB,25,4,MiltJo00
Skyy Moore,SFO,WR,25,17,MoorSk01
Adam Prentice,DEN,FB,28,17,PrenAd00
Josh Whyle,GNB,TE,26,8,WhylJo01
Michael Bandy,DEN,WR,28,4,BandMi00
Tanner Conner,MIA,TE,27,9,ConnTa00
Darius Cooper,PHI,WR,24,13,CoopDa01
Trevor Etienne,CAR,RB,21,17,EtieTr01
Najee Harris,LAC,RB,27,3,HarrNa00
Malik Heath,GNB,WR,25,11,HeatMa00
Phil Mafah,DAL,RB,23,1,MafaPh00
David Martin-Robinson,TEN,TE,26,17,MartDa01
Ryan Miller,TAM,WR,25,13,MillRy01
Andrew Ogletree,IND,TE,27,15,OgleAn00
Will Shipley,PHI,RB,23,15,ShipWi00
Mason Tipton,NOR,WR,25,14,TiptMa00
Casey Washington,ATL,WR,24,7,WashCa01
Nick Westbrook-Ikhine,MIA,WR,28,15,WestNi00
Trayveon Williams,2TM,RB,28,7,WillTr06
Ronnie Bell,NOR,WR,25,2,BellRo01
British Brooks,HOU,RB,26,15,BrooBr01
Noah Brown,WAS,WR,29,4,BrowNo00
Josiah Deguara,ARI,TE,28,12,DeguJo00
Austin Ekeler,WAS,RB,30,2,EkelAu00
Kaleb Johnson,PIT,RB,22,10,JohnKa03
Kenny Pickett,LVR,QB,27,6,PickKe00
Cade Stover,HOU,TE,25,9,StovCa00
Cam Akers,2TM,RB,26,6,AkerCa00
Devin Culp,TAM,TE,25,13,CulpDe00
Corey Kiner,ARI,RB,23,4,KineCo00
Ray-Ray McCloud,2TM,WR,29,6,McClRa00
James Proche,TEN,WR,29,9,ProcJa00
Arian Smith,NYJ,WR,24,16,SmitAr01
Xavier Weaver,ARI,WR,25,10,WeavXa00
Ty Chandler,MIN,RB,27,3,ChanTy01
AJ Dillon,PHI,RB,27,7,DillAJ00
Hassan Haskins,LAC,RB,26,12,HaskHa00
Khalil Herbert,NYJ,RB,27,7,HerbKh00
Alec Ingold,MIA,FB,29,17,IngoAl01
Charlie Jones,CIN,WR,27,14,JoneCh11
Scotty Miller,PIT,WR,28,13,MillSc01
Foster Moreau,NOR,TE,28,11,MoreFo00
Zamir White,LVR,RB,26,6,WhitZa01
Robbie Chosen,WAS,WR,32,3,AndeRo04
Brenden Bates,2TM,TE,26,9,BateBr00
Tahj Brooks,CIN,RB,23,16,BrooTa00
Anthony Firkser,DET,TE,30,7,FirkAn00
Evan Hull,NOR,RB,25,6,HullEv00
Mason Kinsey,TEN,WR,27,10,KinsMa00
Gage Larvadain,CLE,WR,23,13,LarvGa00
Aidan O'Connell,LVR,QB,27,1,OConAi00
Ronnie Rivers,LAR,RB,26,11,RiveRo01
Eric Saubert,SEA,TE,31,11,SaubEr00
Stone Smartt,NYJ,TE,27,15,SmarSt00
Austin Trammell,JAX,WR,27,6,TramAu00
Charlie Woerner,ATL,TE,28,17,WoerCh00
Dareke Young,SEA,WR,26,9,YounDa02
Braxton Berrios,HOU,WR,30,4,BerrBr00
Max Brosmer,MIN,QB,24,7,BrosMa00
Shane Buechele,KAN,QB,27,1,BuecSh00
Nathan Carter,ATL,RB,23,7,CartNa00
Julius Chestnut,TEN,RB,25,17,ChesJu00
Dylan Drummond,ATL,WR,25,9,DrumDy00
D'Wayne Eskridge,MIA,WR,28,13,EskrDW00
Kylen Granson,PHI,TE,27,17,GranKy00
Jalin Hyatt,NYG,WR,24,8,HyatJa00
Tom Kennedy,DET,WR,29,6,KennTo01
Keleki Latu,BUF,TE,23,5,LatuKe00
Albert Okwuegbunam,LVR,TE,27,1,OkwuAl00
Dameon Pierce,2TM,RB,25,5,PierDa01
Xavier Restrepo,TEN,WR,23,2,RestXa00
Cedrick Wilson Jr.,MIA,WR,30,10,WilsCe01
Tyson Bagent,CHI,QB,25,3,BageTy00
Teddy Bridgewater,TAM,QB,33,4,BridTe00
Jalen Brooks,2TM,WR,25,6,BrooJa03
Beaux Collins,NYG,WR,23,9,CollBe00
Devin Duvernay,CHI,WR,28,17,DuveDe00
Tai Felton,MIN,WR,22,17,FeltTa00
Reggie Gilliam,BUF,FB,28,17,GillRe00
Tyler Goodson,IND,RB,25,11,GoodTy00
KhaDarel Hodge,ATL,WR,30,12,HodgKh00
D'Ernest Johnson,2TM,RB,29,8,JohnDE04
Jacoby Jones,WAS,WR,24,1,JoneJa16
Velus Jones Jr.,2TM,WR,28,8,JoneVe00
Jonathan Mingo,DAL,WR,24,6,MingJo00
James Mitchell,CAR,TE,26,5,MitcJa00
Nikko Remigio,KAN,WR,26,14,RemiNi00
Ben Sims,2TM,TE,25,11,SimsBe00
Durham Smythe,CHI,TE,30,17,SmytDu00
Deven Thompkins,ATL,WR,26,7,ThomDe07
Jordan Watkins,SFO,WR,23,4,WatkJo00
Justin Watson,HOU,WR,29,3,WatsJu01
Jake Bobo,SEA,WR,27,11,BoboJa00
Britain Covey,PHI,WR,28,6,CoveBr00
DeeJay Dallas,2TM,RB,27,6,DallDe00
Joshua Dobbs,NWE,QB,30,4,DobbJo00
Clyde Edwards-Helaire,KAN,RB,26,2,EdwaCl00
Tucker Fisk,LAC,TE,26,10,FiskTu00
Roschon Johnson,CHI,RB,24,7,JohnRo07
Tim Jones,2TM,WR,27,4,JoneTi00
Jakobie Keeney-James,GNB,WR,25,1,KeenJa00
Lucas Krull,DEN,TE,27,3,KrulLu00
Will Mallory,IND,TE,26,2,MallWi00
Tay Martin,WAS,WR,28,3,MartTa00
Zaire Mitchell-Paden,2TM,TE,26,8,MitcZa00
David Moore,CAR,WR,30,4,MoorDa03
Tip Reiman,ARI,TE,24,4,ReimTi00
Cooper Rush,BAL,QB,32,4,RushCo00
Trent Sherfield,2TM,WR,29,12,SherTr00
Clayton Tune,GNB,QB,26,2,TuneCl00
Tahj Washington,MIA,WR,24,6,WashTa00
Jared Wayne,HOU,WR,25,1,WaynJa01
Jelani Woods,NYJ,TE,27,4,WoodJe01
Jacardia Wright,SEA,RB,25,1,WrigJa05
Colson Yankoff,WAS,TE,25,14,YankCo00
Shane Zylstra,DET,TE,29,6,ZylsSh00
Brandon Allen,TEN,QB,33,1,AlleBr00
Andre Baccellia,ARI,WR,28,5,BaccAn00
Alex Bachman,LVR,WR,29,13,BachAl00
Harrison Bryant,HOU,TE,27,12,BryaHa00
Sal Cannella,CLE,TE,29,2,CannSa00
Payne Durham,TAM,TE,25,17,DurhPa00
Ross Dwelley,DET,TE,30,11,DwelRo00
Myles Gaskin,SEA,RB,28,1,GaskMy00
Anthony Gould,IND,WR,24,11,GoulAn00
Cam Grandy,CIN,TE,25,5,GranCa00
Amar Johnson,LAC,RB,22,2,JohnAm00
Dylan Laube,LVR,RB,26,17,LaubDy00
Chris Manhertz,NYG,TE,33,17,ManhCh00
Moliki Matavao,NOR,TE,22,6,MataMo00
Kalel Mullings,TEN,RB,23,9,MullKa00
Bryce Oliver,TEN,WR,25,3,OlivBr02
Patrick Ricard,BAL,FB,31,11,RicaPa00
Anthony Richardson,IND,QB,23,2,RichAn03
Jacob Saylors,DET,RB,24,16,SaylJa00
Quentin Skinner,NYJ,WR,24,1,SkinQu00
Josh Williams,TAM,RB,25,3,WillJo011
Zach Wilson,MIA,QB,26,4,WilsZa00
Owen Wright,TAM,RB,26,3,WrigOw00
Ben Yurosek,MIN,TE,23,12,YuroBe00
Maurice Alexander,CHI,WR,28,1,AlexMa02
Kyle Allen,DET,QB,29,3,AlleKy00
Ulysses Bentley,IND,RB,25,1,BentUl00
Chris Blair,ATL,WR,28,3,BlaiCh00
Gary Brightwell,CIN,RB,26,2,BrigGa00
Ja'Corey Brooks,WAS,WR,24,1,BrooJa04
Jason Brownlee,KAN,WR,26,6,BrowJa07
Pharaoh Brown,ARI,TE,31,7,BrowPh01
Lawrence Cager,WAS,TE,28,1,CageLa01
Dalen Cambre,NYG,WR,24,7,CambDa00
Dalevon Campbell,CAR,WR,24,2,CampDa01
Parris Campbell,DAL,WR,28,1,CampPa00
Stephen Carlson,CHI,TE,29,2,CarlSt00
DeAndre Carter,CLE,WR,32,4,CartDe02
Dan Chisena,CAR,WR,28,1,ChisDa00
River Cracraft,WAS,WR,31,2,CracRi00
Malik Cunningham,DET,WR,27,1,CunnMa00
Drake Dabney,GNB,TE,23,2,DabnDr00
Kaden Davis,CLE,WR,27,2,DaviKa02
Zach Davidson,NYG,TE,27,1,DaviZa00
CJ Dippre,NWE,TE,23,2,DippCJ00
Chase Edmonds,WAS,RB,29,3,EdmoCh00
Princeton Fant,DAL,TE,26,1,FantPr00
Simi Fehoko,ARI,WR,28,8,FehoSi00
Thomas Fidone,NYG,TE,23,7,FidoTh00
Feleipe Franks,ATL,TE,28,17,FranFe00
Russell Gage,SFO,WR,29,1,GageRu00
Eric Gray,NYG,RB,26,4,GrayEr01
Isaac Guerendo,SFO,RB,25,14,GuerIs00
Nyheim Hines,2TM,RB,29,4,HineNy00
Jimmy Holiday,KAN,WR,24,1,HoliJi00
Travis Homer,CHI,RB,27,10,HomeTr00
Zach Horton,DET,TE,23,2,HortZa00
Jarquez Hunter,LAR,RB,23,5,HuntJa03
Jordan James,SFO,RB,21,3,JameJo01
Jermar Jefferson,ARI,RB,25,2,JeffJe00
E.J. Jenkins,PHI,TE,27,2,JenkEJ00
Jakob Johnson,HOU,FB,31,7,JohnJa12
Jeshaun Jones,MIN,WR,26,1,JoneJe01
Nikola Kalinic,CHI,TE,28,2,KaliNi00
Nick Kallerup,SEA,TE,24,9,KallNi00
Ko Kieft,TAM,TE,27,3,KiefKo00
Cameron Latu,PHI,TE,25,15,LatuCa01
Marcedes Lewis,DEN,TE,41,5,LewiMa00
Drew Lock,SEA,QB,29,5,LockDr00
Dominic Lovett,DET,WR,23,12,LoveDo00
Adrian Martinez,SFO,QB,25,1,MartAd00
Sean McKeon,IND,TE,28,1,McKeSe01
Jackson Meeks,DET,WR,22,2,MeekJa00
Kendall Milton,CIN,RB,23,1,MiltKe01
Jordan Mims,TEN,RB,26,1,MimsJo00
Gardner Minshew II,KAN,QB,29,4,MinsGa00
Elijah Mitchell,KAN,RB,27,1,MitcEl00
Jalen Moreno-Cropper,DAL,WR,24,3,MoreJa01
Nick Mullens,JAX,QB,30,5,MullNi00
Lew Nichols,PIT,RB,24,1,NichLe00
Robbie Ouzts,SEA,FB,23,12,OuztRo00
Coleman Owen,IND,WR,24,2,OwenCo00
Tejhaun Palmer,ARI,WR,25,1,PalmTe00
Brennan Presley,LAR,WR,23,1,PresBr00
Teagan Quitoriano,ATL,TE,25,17,QuitTe00
Craig Reynolds,DET,RB,29,7,ReynCr00
Giovanni Ricci,DET,TE,29,3,RiccGi00
JP Richardson,CHI,WR,23,1,RichJP00
Jalen Royals,KAN,WR,22,7,RoyaJa00
Hayden Rucci,MIA,TE,24,4,RuccHa00
Carter Runyon,LVR,TE,24,13,RunyCa00
Brady Russell,SEA,FB,27,17,RussBr00
Brett Rypien,CIN,QB,29,1,RypiBr00
Cody Schrader,LAR,RB,26,1,SchrCo00
Trey Sermon,PIT,RB,26,4,SermTr00
Justin Shorter,LVR,WR,25,7,ShorJu00
Steven Sims,ARI,WR,28,3,SimsSt00
Kedon Slovis,ARI,QB,24,2,SlovKe00
Brandon Smith,NYJ,WR,27,2,SmitBr07
Jarrett Stidham,DEN,QB,29,1,StidJa00
Robert Tonyan,KAN,TE,31,17,TonyRo00
Samori Toure,NOR,WR,27,1,TourSa00
Laquon Treadwell,IND,WR,30,10,TreaLa00
Cole Turner,TEN,TE,25,1,TurnCo00
DJ Turner,LVR,WR,28,1,TurnDJ00
Malik Turner,SFO,WR,29,3,TurnMa00
Sione Vaki,DET,RB,24,11,VakiSi00
Nick Vannett,2TM,TE,32,10,VannNi00
Travis Vokolek,ARI,TE,27,5,VokoTr00
Carlos Washington,ATL,RB,27,1,WashCa00
Treyton Welch,NOR,TE,24,3,WelcTr00
Jack Westover,NWE,FB,26,17,WestJa01
Blake Whiteheart,CLE,TE,25,17,WhitBl01
Ricky White,SEA,WR,23,2,WhitRi01
Jared Wiley,KAN,TE,25,5,WileJa00
Avery Williams,NYJ,WR,27,1,WillAv02
Brayden Willis,SFO,TE,26,6,WillBr06
Jeff Wilson,MIA,RB,30,3,WilsJe01
Derius Davis,LAC,WR,25,11,DaviDe02
Jimmy Garoppolo,LAR,QB,34,3,GaroJi00
Ke'Shawn Williams,2TM,WR,24,11,WillKe08
Jamal Agnew,ATL,WR,30,11,AgneJa00
Mecole Hardman,BUF,WR,27,2,HardMe00
Jalen Milroe,SEA,QB,23,3,MilrJa00
LaJohntay Wester,BAL,WR,23,17,WestLa01
Xavier Gipson,3TM,WR,24,7,GipsXa00
Myles Price,MIN,WR,24,16,PricMy00
