Tgt_rec,Rec,Yds_rec,Y/R,TD_rec,player_id
55.0,46.0,378.0,8.22,2.0,TaylJo02
129.0,102.0,924.0,9.06,7.0,McCaCh01
103.0,79.0,820.0,10.38,4.0,RobiBi01
94.0,77.0,616.0,8.0,5.0,GibbJa01
166.0,129.0,1715.0,13.29,10.0,NacuPu00
163.0,119.0,1793.0,15.07,10.0,SmitJa06
40.0,33.0,291.0,8.82,2.0,CookJa01
21.0,15.0,150.0,10.0,0.0,HenrDe00
85.0,67.0,488.0,7.28,4.0,AchaDe00
172.0,117.0,1401.0,11.97,11.0,StxxAm00
169.0,126.0,1239.0,9.83,11.0,McBrTr01
137.0,93.0,1429.0,15.37,9.0,PickGe00
1.0,1.0,2.0,2.0,0.0,MayeDr00
50.0,36.0,281.0,7.81,3.0,WillKy02
185.0,125.0,1412.0,11.3,8.0,ChasJa00
52.0,36.0,292.0,8.11,6.0,EtieTr00
88.0,69.0,437.0,6.33,5.0,BrowCh10
51.0,35.0,137.0,3.91,2.0,WillJa10
44.0,36.0,282.0,7.83,1.0,JacoJo01
156.0,100.0,1163.0,11.63,9.0,OlavCh00
48.0,34.0,299.0,8.79,1.0,SwifDA00
50.0,37.0,273.0,7.38,2.0,BarkSa00
114.0,60.0,789.0,13.15,14.0,AdamDa01
2.0,2.0,22.0,11.0,1.0,WillCa03
73.0,55.0,346.0,6.29,5.0,JeanAs00
118.0,86.0,1211.0,14.08,5.0,FlowZa00
120.0,71.0,1117.0,15.73,6.0,CollNi00
102.0,65.0,1117.0,17.18,7.0,WillJa11
98.0,59.0,846.0,14.34,11.0,HiggTe00
1.0,0.0,0.0,0.0,0.0,NixxBo00
50.0,39.0,297.0,7.62,1.0,DowdRi01
45.0,40.0,333.0,8.33,2.0,WarrJa01
124.0,74.0,1017.0,13.74,7.0,SuttCo00
126.0,78.0,1006.0,12.9,7.0,WilsMi02
121.0,78.0,1003.0,12.86,7.0,BrowAJ00
48.0,36.0,350.0,9.72,1.0,HallBr03
42.0,35.0,221.0,6.31,1.0,HendTr02
122.0,70.0,1014.0,14.49,7.0,McMiTe00
82.0,60.0,591.0,9.85,11.0,GoedDa00
118.0,88.0,928.0,10.55,5.0,PittKy00
84.0,47.0,1003.0,21.34,6.0,PierAl00
112.0,68.0,919.0,13.51,7.0,LondDr00
87.0,60.0,768.0,12.8,7.0,HenrHu00
127.0,63.0,938.0,14.89,6.0,EgbuEm01
108.0,76.0,851.0,11.2,5.0,KelcTr00
1.0,1.0,-10.0,-10.0,0.0,MahoPa00
24.0,20.0,144.0,7.2,0.0,CharZa00
36.0,31.0,282.0,9.1,0.0,WalkKe00
100.0,64.0,910.0,14.22,6.0,WaddJa00
58.0,47.0,356.0,7.57,5.0,HarvRJ00
107.0,72.0,731.0,10.15,6.0,FannHa00
99.0,59.0,850.0,14.41,6.0,MetcDK00
95.0,58.0,847.0,14.6,5.0,WashPa01
112.0,76.0,817.0,10.75,4.0,WarrTy00
86.0,64.0,680.0,10.63,7.0,BoweBr01
117.0,75.0,1077.0,14.36,3.0,LambCe00
140.0,92.0,1014.0,11.02,4.0,RobiWa01
102.0,85.0,1013.0,11.92,4.0,DiggSt00
113.0,77.0,1008.0,13.09,4.0,SmitDe07
111.0,80.0,784.0,9.8,7.0,PittMi01
41.0,33.0,206.0,6.24,0.0,PollTo00
82.0,58.0,713.0,12.29,6.0,LoveCo00
84.0,51.0,735.0,14.41,8.0,JohnQu02
85.0,50.0,682.0,13.64,6.0,MoorD.00
102.0,82.0,600.0,7.32,8.0,FergJa00
69.0,57.0,628.0,11.02,7.0,KittGe00
90.0,55.0,643.0,11.69,9.0,JennJa00
1.0,1.0,-9.0,-9.0,0.0,RodgAa00
85.0,73.0,486.0,6.66,3.0,GainKe00
37.0,32.0,345.0,10.78,2.0,StevRh00
36.0,26.0,171.0,6.58,0.0,JudkQu00
1.0,0.0,0.0,0.0,0.0,FielJu00
29.0,24.0,192.0,8.0,0.0,MontDa01
13.0,9.0,68.0,7.56,0.0,CrosJa00
30.0,18.0,164.0,9.11,0.0,MonaKy00
25.0,18.0,143.0,7.94,1.0,HuntKa00
36.0,24.0,208.0,8.67,3.0,MarkWo00
48.0,36.0,288.0,8.0,2.0,TracTy00
141.0,84.0,1048.0,12.48,2.0,JeffJu00
99.0,72.0,727.0,10.1,5.0,SamuDe00
16.0,14.0,51.0,3.64,0.0,MasoJo00
106.0,66.0,789.0,11.95,6.0,McCoLa00
14.0,8.0,36.0,4.5,0.0,CoruBl00
104.0,65.0,709.0,10.91,6.0,FranTr00
85.0,55.0,724.0,13.16,6.0,DoubRo00
16.0,14.0,96.0,6.86,0.0,AllgTy00
35.0,30.0,277.0,9.23,3.0,IrviBu00
14.0,11.0,37.0,3.36,0.0,DobbJK00
92.0,57.0,696.0,12.21,5.0,TuckTr00
35.0,32.0,192.0,6.0,1.0,HampOm00
32.0,24.0,207.0,8.63,2.0,SkatCa00
102.0,77.0,889.0,11.55,3.0,JohnJu02
45.0,40.0,218.0,5.45,0.0,WhitRa01
122.0,81.0,777.0,9.59,4.0,AlleKe00
90.0,44.0,661.0,15.02,6.0,OdunRo00
22.0,16.0,136.0,8.5,1.0,VidaKi00
110.0,75.0,835.0,11.13,3.0,MeyeJa01
2.0,1.0,0.0,0.0,0.0,RattSp00
92.0,59.0,687.0,11.64,2.0,ShahRa00
78.0,53.0,571.0,10.77,5.0,RiceRa01
55.0,35.0,611.0,17.46,6.0,WatsCh00
106.0,82.0,777.0,9.48,3.0,SchuDa00
68.0,52.0,519.0,9.98,6.0,BarnAJ00
39.0,30.0,223.0,7.43,3.0,HubbCh01
95.0,72.0,719.0,9.99,4.0,ShakKh00
79.0,42.0,610.0,14.52,3.0,AddiJo00
46.0,33.0,551.0,16.7,6.0,BoutKa00
41.0,28.0,199.0,7.11,1.0,JoneAa00
19.0,18.0,151.0,8.39,0.0,SingDe00
91.0,48.0,707.0,14.73,2.0,ThomBr06
74.0,49.0,587.0,11.98,5.0,BrowMa04
68.0,41.0,525.0,12.8,6.0,HiggJa00
4.0,3.0,30.0,10.0,0.0,RodrCh00
73.0,41.0,608.0,14.83,4.0,HarrMa09
49.0,39.0,571.0,14.64,5.0,KincDa00
56.0,43.0,408.0,9.49,8.0,ParkCo02
44.0,32.0,489.0,15.28,6.0,KrafTu00
70.0,48.0,422.0,8.79,5.0,AndrMa00
74.0,45.0,528.0,11.73,5.0,JohnTh00
11.0,8.0,34.0,4.25,1.0,TuckSe00
69.0,49.0,664.0,13.55,3.0,GadsOr01
60.0,47.0,652.0,13.87,2.0,BurdLu00
17.0,15.0,99.0,6.6,0.0,WilsEm00
14.0,10.0,79.0,7.9,2.0,TuteBh00
74.0,48.0,423.0,8.81,4.0,DikeCh00
88.0,58.0,566.0,9.76,4.0,DownJo00
89.0,41.0,515.0,12.56,4.0,AyomEl00
72.0,50.0,504.0,10.08,4.0,ErtzZa00
33.0,24.0,263.0,10.96,2.0,JohnTy02
60.0,38.0,582.0,15.32,3.0,McLaTe00
20.0,13.0,67.0,5.15,0.0,ChubNi00
56.0,40.0,475.0,11.88,4.0,FlouRy00
54.0,41.0,486.0,11.85,4.0,FreiPa00
53.0,29.0,444.0,15.31,4.0,NailJa00
60.0,46.0,540.0,11.74,3.0,StraBr00
106.0,50.0,602.0,12.04,2.0,JeudJe00
31.0,22.0,160.0,7.27,1.0,KnigZo00
65.0,46.0,317.0,6.89,3.0,WashMa00
70.0,47.0,593.0,12.62,2.0,KuppCo00
39.0,33.0,186.0,5.64,0.0,KamaAl00
49.0,36.0,417.0,11.58,4.0,KnoxDa00
79.0,56.0,560.0,10.0,2.0,OkonCh00
26.0,19.0,101.0,5.32,1.0,PachIs00
73.0,42.0,532.0,12.67,1.0,WortXa00
65.0,46.0,550.0,11.96,2.0,HollMa00
49.0,40.0,489.0,12.23,3.0,LaPoSa01
50.0,45.0,264.0,5.87,0.0,SpeaTy00
45.0,33.0,267.0,8.09,0.0,CartMi03
46.0,31.0,447.0,14.42,3.0,DougDe00
34.0,24.0,283.0,11.79,6.0,WallDa01
59.0,38.0,404.0,10.63,4.0,ColeKe02
44.0,28.0,322.0,11.5,5.0,JohnTe03
59.0,36.0,395.0,10.97,4.0,WilsGa00
57.0,35.0,428.0,12.23,3.0,HutcXa00
81.0,59.0,572.0,9.69,1.0,OttoCa00
66.0,51.0,438.0,8.59,3.0,HockTJ00
63.0,37.0,538.0,14.54,1.0,SlayDa01
37.0,19.0,438.0,23.05,3.0,ThorTy00
21.0,17.0,87.0,5.12,0.0,PeriSa00
27.0,16.0,239.0,14.94,6.0,TeSlIs00
46.0,34.0,293.0,8.62,5.0,TongJa00
38.0,26.0,396.0,15.23,2.0,TurpKa00
43.0,33.0,394.0,11.94,3.0,CokeJa01
58.0,33.0,435.0,13.18,2.0,IosiAn00
51.0,37.0,322.0,8.7,1.0,MimsMa00
55.0,31.0,372.0,12.0,3.0,AustCa00
53.0,37.0,551.0,14.89,0.0,BourKe00
62.0,30.0,368.0,12.27,3.0,EvanMi00
74.0,33.0,453.0,13.73,2.0,MitcAd00
12.0,8.0,25.0,3.13,0.0,RobiBr01
40.0,33.0,271.0,8.21,2.0,SampDy00
13.0,10.0,86.0,8.6,2.0,DaviRa04
64.0,35.0,363.0,10.37,3.0,LegeXa00
76.0,50.0,461.0,9.22,1.0,EngrEv00
48.0,33.0,293.0,8.88,4.0,NjokDa00
53.0,36.0,528.0,14.67,0.0,PearRi00
22.0,13.0,161.0,12.38,5.0,HortTo00
4.0,3.0,32.0,10.67,0.0,BigsTa00
28.0,21.0,186.0,8.86,0.0,DaviIs00
51.0,33.0,360.0,10.91,2.0,GodwCh00
72.0,32.0,443.0,13.84,1.0,MoonDa00
48.0,30.0,347.0,11.57,2.0,KmetCo00
55.0,44.0,357.0,8.11,2.0,HelmGu00
31.0,25.0,196.0,7.84,0.0,McNiJe00
9.0,7.0,32.0,4.57,1.0,GordOl00
54.0,38.0,222.0,5.84,2.0,SmitJo01
33.0,29.0,206.0,7.1,3.0,DortGr01
36.0,25.0,281.0,11.24,3.0,HigbTy00
12.0,9.0,63.0,7.0,0.0,MitcKe01
46.0,30.0,332.0,11.07,2.0,WickDo00
65.0,39.0,313.0,8.03,2.0,ZaccOl01
20.0,13.0,101.0,7.77,1.0,DemeEm00
39.0,22.0,330.0,15.0,2.0,HopkDe00
65.0,44.0,369.0,8.39,1.0,TaylMa02
49.0,31.0,378.0,12.19,1.0,BryaPa00
27.0,21.0,169.0,8.05,1.0,HillJu00
42.0,28.0,307.0,10.96,2.0,GesiMi00
19.0,17.0,104.0,6.12,0.0,NealDe00
30.0,24.0,289.0,12.04,1.0,RaymKa00
53.0,39.0,371.0,9.51,1.0,ShepSt00
9.0,5.0,44.0,8.8,0.0,WrigJa04
35.0,26.0,292.0,11.23,2.0,NoelJa00
43.0,31.0,364.0,11.74,1.0,WashDa03
1.0,1.0,33.0,33.0,1.0,WinsJa00
26.0,19.0,286.0,15.05,2.0,BellDa00
41.0,34.0,288.0,8.47,3.0,FantNo00
25.0,11.0,231.0,21.0,3.0,FergTe00
44.0,29.0,361.0,12.45,0.0,GoldMa02
52.0,29.0,350.0,12.07,1.0,JeffVa00
55.0,32.0,291.0,9.09,1.0,LockTy00
45.0,33.0,345.0,10.45,1.0,SmitJu00
39.0,25.0,293.0,11.72,2.0,VeleDe00
15.0,11.0,203.0,18.45,3.0,McCaLu00
19.0,15.0,160.0,10.67,4.0,OlivJo00
33.0,24.0,208.0,8.67,3.0,AlleDa02
5.0,2.0,16.0,8.0,0.0,DaviMa02
43.0,30.0,324.0,10.8,1.0,HarrTr03
50.0,35.0,328.0,9.37,1.0,MayeMi00
48.0,33.0,274.0,8.3,2.0,MetcJo00
35.0,18.0,271.0,15.06,2.0,NabeMa00
39.0,21.0,270.0,12.86,2.0,TillCe01
21.0,10.0,209.0,20.9,3.0,WillKy03
26.0,21.0,263.0,12.52,2.0,HoopAu00
35.0,25.0,172.0,6.88,1.0,SmitBr09
44.0,18.0,338.0,18.78,0.0,BondIs00
33.0,26.0,335.0,12.88,1.0,DulcGr00
19.0,16.0,187.0,11.69,3.0,HaweJa00
24.0,15.0,187.0,12.47,3.0,PatrTi00
37.0,27.0,249.0,9.22,2.0,TremTo00
38.0,19.0,224.0,11.79,2.0,BateRa00
13.0,12.0,103.0,8.58,0.0,EstiAu00
45.0,28.0,298.0,10.64,1.0,HuntTr00
35.0,22.0,276.0,12.55,1.0,RobiDe01
36.0,27.0,307.0,11.37,1.0,LikeIs00
29.0,21.0,265.0,12.62,1.0,HillTy00
28.0,24.0,213.0,8.88,2.0,JuszKy00
32.0,16.0,225.0,14.06,0.0,LaneJa00
36.0,26.0,193.0,7.42,0.0,WillIs03
36.0,18.0,262.0,14.56,1.0,DotsJa00
1.0,1.0,-6.0,-6.0,0.0,EwerQu00
8.0,6.0,136.0,22.67,3.0,WalkDe01
16.0,11.0,91.0,8.27,0.0,HillTa00
23.0,15.0,245.0,16.33,1.0,ShavTy00
36.0,18.0,191.0,10.61,2.0,SillDa01
37.0,20.0,227.0,11.35,1.0,BrowDy00
52.0,28.0,239.0,8.54,1.0,KirkCh01
37.0,22.0,303.0,13.77,0.0,PalmJo00
22.0,19.0,207.0,10.89,1.0,ReedJa03
36.0,17.0,303.0,17.82,0.0,RidlCa00
24.0,18.0,303.0,16.83,0.0,SmitXa00
25.0,19.0,171.0,9.0,2.0,EvanMi01
24.0,19.0,168.0,8.84,2.0,HudsTa00
0.0,0.0,-3.0,0.0,0.0,LeonRi02
36.0,24.0,279.0,11.63,0.0,CookBr00
37.0,30.0,301.0,10.03,0.0,HiggEl00
5.0,5.0,30.0,6.0,0.0,MillKe01
23.0,11.0,207.0,18.82,1.0,MoorCh00
34.0,18.0,203.0,11.28,1.0,TolbJa00
6.0,4.0,27.0,6.75,0.0,McLaJa00
21.0,12.0,166.0,13.83,2.0,WilsRo02
18.0,12.0,197.0,16.42,1.0,JohnTy00
15.0,10.0,142.0,14.2,2.0,KolaCh00
23.0,20.0,195.0,9.75,1.0,TrauAd00
15.0,6.0,192.0,32.0,1.0,AtweTu00
9.0,8.0,38.0,4.75,1.0,ConnJa00
31.0,24.0,252.0,10.5,0.0,MusgLu00
34.0,29.0,190.0,6.55,1.0,SandJa01
16.0,14.0,98.0,7.0,1.0,ScotZa00
4.0,3.0,21.0,7.0,1.0,HeywCo00
15.0,13.0,109.0,8.38,1.0,LuepHu00
13.0,10.0,145.0,14.5,1.0,OlszGu00
29.0,23.0,179.0,7.78,1.0,RuckJe00
24.0,8.0,116.0,14.5,2.0,TinsMi00
7.0,7.0,34.0,4.86,0.0,JordJa00
4.0,3.0,8.0,2.67,0.0,PattJa01
22.0,14.0,108.0,7.71,2.0,WrigBr01
26.0,15.0,179.0,11.93,1.0,ArroEl00
29.0,20.0,224.0,11.2,0.0,BechJa00
16.0,13.0,64.0,4.92,0.0,BensTr01
25.0,13.0,156.0,12.0,1.0,HumpLi01
14.0,11.0,79.0,7.18,0.0,CorlMa00
3.0,2.0,6.0,3.0,0.0,GibsAn00
17.0,12.0,85.0,7.08,2.0,LongHu00
26.0,15.0,89.0,5.93,2.0,RenfHu00
35.0,19.0,186.0,9.79,0.0,ThieAd00
10.0,6.0,87.0,14.5,2.0,WalkJa03
17.0,16.0,99.0,6.19,0.0,AbduAm00
23.0,13.0,140.0,10.77,1.0,AustKe00
17.0,13.0,91.0,7.0,0.0,BrooCh00
17.0,9.0,112.0,12.44,0.0,MoorEl00
10.0,6.0,139.0,23.17,1.0,WeasTh00
1.0,1.0,5.0,5.0,0.0,BlueJa01
22.0,10.0,130.0,13.0,1.0,BurkTr00
18.0,12.0,129.0,10.75,1.0,DaviGa01
14.0,11.0,85.0,7.73,2.0,FarrLu00
8.0,8.0,30.0,3.75,0.0,SandMi01
20.0,13.0,117.0,9.0,1.0,AlieMo00
32.0,26.0,103.0,3.96,0.0,FordJe00
37.0,21.0,178.0,8.48,0.0,GrayNo00
19.0,10.0,115.0,11.5,1.0,HodgIs00
15.0,11.0,108.0,9.82,0.0,HornJi00
18.0,12.0,183.0,15.25,0.0,JoneZa00
15.0,12.0,178.0,14.83,0.0,McMiJa01
29.0,14.0,120.0,8.57,1.0,ValdMa00
25.0,18.0,171.0,9.5,0.0,WhitJo04
9.0,6.0,45.0,7.5,2.0,BeckAn01
12.0,12.0,70.0,5.83,0.0,MostRa00
20.0,15.0,106.0,7.07,1.0,SampDr00
4.0,3.0,21.0,7.0,0.0,SandRa00
13.0,11.0,114.0,10.36,1.0,SinnBe00
31.0,19.0,141.0,7.42,0.0,BadiTy00
16.0,11.0,103.0,9.36,1.0,BateJo00
20.0,15.0,140.0,9.33,0.0,HillJu02
18.0,14.0,160.0,11.43,0.0,TremBr00
10.0,10.0,78.0,7.8,1.0,WillSa01
11.0,9.0,68.0,7.56,1.0,AlixRa00
11.0,10.0,54.0,5.4,0.0,AlleLe01
10.0,5.0,106.0,21.2,0.0,DuliAs00
23.0,10.0,92.0,9.2,1.0,MumpKo00
13.0,9.0,90.0,10.0,1.0,SpanBr00
4.0,3.0,90.0,30.0,1.0,WhitCo05
13.0,9.0,76.0,8.44,1.0,CalcGr00
3.0,3.0,75.0,25.0,1.0,ChisEf00
2.0,2.0,11.0,5.5,0.0,HamxC.00
1.0,1.0,9.0,9.0,0.0,JennTe00
7.0,4.0,64.0,16.0,1.0,JohnKa01
13.0,10.0,76.0,7.6,0.0,OgunDa00
9.0,7.0,81.0,11.57,1.0,SamuCu00
30.0,10.0,135.0,13.5,0.0,ThorDo00
3.0,2.0,17.0,8.5,0.0,AlleBr05
15.0,12.0,72.0,6.0,1.0,FitzJo00
2.0,2.0,15.0,7.5,0.0,HolaGe00
18.0,10.0,70.0,7.0,1.0,LazaAl00
23.0,14.0,132.0,9.43,0.0,SchoLu00
6.0,4.0,69.0,17.25,1.0,SkowBe00
5.0,4.0,56.0,14.0,1.0,JackSh01
9.0,6.0,55.0,9.17,1.0,MorrQu00
21.0,11.0,101.0,9.18,0.0,ReynJo00
11.0,6.0,48.0,8.0,1.0,AdkiNa00
12.0,5.0,51.0,10.2,1.0,LambKe01
19.0,9.0,111.0,12.33,0.0,MundJo00
1.0,0.0,0.0,0.0,0.0,NwanKe00
11.0,9.0,127.0,14.11,0.0,PettDa00
11.0,6.0,46.0,7.67,1.0,StolJa00
13.0,13.0,114.0,8.77,0.0,ThomIa00
15.0,10.0,107.0,10.7,0.0,ThraJa01
8.0,4.0,45.0,11.25,1.0,WallTy00
1.0,0.0,0.0,0.0,0.0,BrowBr06
10.0,7.0,101.0,14.43,0.0,ConkTy00
16.0,11.0,97.0,8.82,0.0,DissWi00
2.0,0.0,0.0,0.0,0.0,GiddDJ00
7.0,5.0,87.0,17.4,0.0,MoorSk01
8.0,6.0,53.0,8.83,0.0,PrenAd00
6.0,5.0,36.0,7.2,1.0,WhylJo01
4.0,4.0,50.0,12.5,1.0,BandMi00
15.0,9.0,91.0,10.11,0.0,ConnTa00
11.0,9.0,92.0,10.22,0.0,CoopDa01
3.0,3.0,13.0,4.33,0.0,EtieTr01
3.0,3.0,25.0,8.33,0.0,HarrNa00
7.0,6.0,86.0,14.33,0.0,HeatMa00
2.0,2.0,11.0,5.5,0.0,MafaPh00
6.0,4.0,30.0,7.5,1.0,MartDa01
4.0,2.0,34.0,17.0,1.0,MillRy01
6.0,4.0,27.0,6.75,1.0,OgleAn00
12.0,9.0,56.0,6.22,0.0,ShipWi00
17.0,11.0,76.0,6.91,0.0,TiptMa00
14.0,6.0,94.0,15.67,0.0,WashCa01
20.0,11.0,89.0,8.09,0.0,WestNi00
9.0,8.0,55.0,6.88,0.0,WillTr06
4.0,2.0,23.0,11.5,1.0,BellRo01
10.0,5.0,83.0,16.6,0.0,BrowNo00
5.0,3.0,21.0,7.0,1.0,DeguJo00
7.0,5.0,38.0,7.6,0.0,EkelAu00
2.0,1.0,9.0,9.0,0.0,JohnKa03
16.0,12.0,76.0,6.33,0.0,StovCa00
1.0,0.0,0.0,0.0,0.0,AkerCa00
1.0,1.0,6.0,6.0,1.0,CulpDe00
3.0,2.0,15.0,7.5,0.0,KineCo00
15.0,7.0,69.0,9.86,0.0,McClRa00
12.0,6.0,65.0,10.83,0.0,ProcJa00
16.0,7.0,52.0,7.43,0.0,SmitAr01
13.0,7.0,67.0,9.57,0.0,WeavXa00
4.0,3.0,11.0,3.67,0.0,ChanTy01
3.0,3.0,21.0,7.0,0.0,DillAJ00
4.0,4.0,13.0,3.25,0.0,HaskHa00
4.0,1.0,4.0,4.0,0.0,HerbKh00
11.0,8.0,52.0,6.5,0.0,IngoAl01
1.0,0.0,0.0,0.0,0.0,JoneCh11
14.0,9.0,62.0,6.89,0.0,MillSc01
10.0,7.0,59.0,8.43,0.0,MoreFo00
6.0,4.0,24.0,6.0,0.0,WhitZa01
9.0,5.0,53.0,10.6,0.0,AndeRo04
5.0,4.0,48.0,12.0,0.0,BateBr00
2.0,1.0,9.0,9.0,0.0,BrooTa00
10.0,8.0,53.0,6.63,0.0,FirkAn00
1.0,1.0,6.0,6.0,0.0,HullEv00
4.0,2.0,48.0,24.0,0.0,KinsMa00
14.0,7.0,71.0,10.14,0.0,LarvGa00
7.0,4.0,31.0,7.75,0.0,SaubEr00
9.0,7.0,52.0,7.43,0.0,SmarSt00
10.0,3.0,46.0,15.33,0.0,TramAu00
9.0,8.0,48.0,6.0,0.0,WoerCh00
3.0,2.0,48.0,24.0,0.0,YounDa02
8.0,6.0,37.0,6.17,0.0,BerrBr00
2.0,0.0,0.0,0.0,0.0,ChesJu00
11.0,7.0,42.0,6.0,0.0,DrumDy00
7.0,4.0,62.0,15.5,0.0,EskrDW00
9.0,7.0,40.0,5.71,0.0,GranKy00
14.0,5.0,35.0,7.0,0.0,HyatJa00
4.0,4.0,36.0,9.0,0.0,KennTo01
4.0,4.0,35.0,8.75,0.0,LatuKe00
6.0,5.0,36.0,7.2,0.0,OkwuAl00
1.0,0.0,0.0,0.0,0.0,PierDa01
7.0,3.0,41.0,13.67,0.0,RestXa00
9.0,5.0,44.0,8.8,0.0,WilsCe01
6.0,3.0,51.0,17.0,0.0,BrooJa03
6.0,2.0,25.0,12.5,0.0,CollBe00
5.0,2.0,26.0,13.0,0.0,DuveDe00
3.0,3.0,25.0,8.33,0.0,FeltTa00
2.0,2.0,24.0,12.0,0.0,GillRe00
3.0,2.0,8.0,4.0,0.0,GoodTy00
10.0,3.0,31.0,10.33,0.0,HodgKh00
1.0,1.0,25.0,25.0,0.0,JoneJa16
5.0,1.0,25.0,25.0,0.0,MingJo00
3.0,3.0,28.0,9.33,0.0,MitcJa00
1.0,1.0,21.0,21.0,0.0,RemiNi00
6.0,3.0,30.0,10.0,0.0,SimsBe00
6.0,4.0,25.0,6.25,0.0,SmytDu00
3.0,3.0,27.0,9.0,0.0,ThomDe07
3.0,2.0,26.0,13.0,0.0,WatkJo00
4.0,3.0,30.0,10.0,0.0,WatsJu01
2.0,2.0,20.0,10.0,0.0,BoboJa00
4.0,2.0,20.0,10.0,0.0,CoveBr00
1.0,0.0,0.0,0.0,0.0,DallDe00
2.0,2.0,9.0,4.5,0.0,EdwaCl00
4.0,2.0,19.0,9.5,0.0,FiskTu00
1.0,1.0,15.0,15.0,0.0,JoneTi00
2.0,2.0,15.0,7.5,0.0,KeenJa00
4.0,2.0,15.0,7.5,0.0,KrulLu00
1.0,1.0,16.0,16.0,0.0,MallWi00
2.0,2.0,23.0,11.5,0.0,MartTa00
3.0,2.0,17.0,8.5,0.0,MitcZa00
1.0,1.0,5.0,5.0,0.0,MoorDa03
5.0,3.0,18.0,6.0,0.0,ReimTi00
5.0,3.0,21.0,7.0,0.0,SherTr00
5.0,3.0,37.0,12.33,0.0,WashTa00
2.0,2.0,20.0,10.0,0.0,WaynJa01
3.0,1.0,4.0,4.0,0.0,WoodJe01
3.0,2.0,18.0,9.0,0.0,YankCo00
5.0,3.0,20.0,6.67,0.0,ZylsSh00
4.0,2.0,8.0,4.0,0.0,BaccAn00
3.0,2.0,12.0,6.0,0.0,BachAl00
6.0,2.0,7.0,3.5,0.0,BryaHa00
5.0,2.0,11.0,5.5,0.0,CannSa00
4.0,1.0,11.0,11.0,0.0,DurhPa00
5.0,2.0,7.0,3.5,0.0,DwelRo00
2.0,2.0,6.0,3.0,0.0,GoulAn00
2.0,2.0,7.0,3.5,0.0,GranCa00
1.0,0.0,0.0,0.0,0.0,JohnAm00
4.0,3.0,18.0,6.0,0.0,LaubDy00
2.0,1.0,7.0,7.0,0.0,ManhCh00
2.0,2.0,10.0,5.0,0.0,MataMo00
1.0,1.0,8.0,8.0,0.0,OlivBr02
2.0,1.0,8.0,8.0,0.0,RicaPa00
1.0,1.0,9.0,9.0,0.0,RichAn03
1.0,1.0,10.0,10.0,0.0,SkinQu00
3.0,2.0,14.0,7.0,0.0,YuroBe00
1.0,0.0,0.0,0.0,0.0,BrowJa07
2.0,2.0,1.0,0.5,0.0,BrowPh01
2.0,1.0,3.0,3.0,0.0,DabnDr00
1.0,0.0,0.0,0.0,0.0,KallNi00
1.0,0.0,0.0,0.0,0.0,MitcEl00
1.0,0.0,0.0,0.0,0.0,OwenCo00
1.0,0.0,0.0,0.0,0.0,RiccGi00
3.0,2.0,4.0,2.0,0.0,RoyaJa00
1.0,1.0,3.0,3.0,0.0,RunyCa00
1.0,0.0,0.0,0.0,0.0,RussBr00
1.0,0.0,0.0,0.0,0.0,SimsSt00
1.0,1.0,1.0,1.0,0.0,TonyRo00
3.0,1.0,3.0,3.0,0.0,TourSa00
1.0,0.0,0.0,0.0,0.0,TurnMa00
2.0,1.0,0.0,0.0,0.0,WestJa01
6.0,2.0,4.0,2.0,0.0,WhitBl01
1.0,1.0,4.0,4.0,0.0,WileJa00
1.0,0.0,0.0,0.0,0.0,WillBr06
3.0,2.0,10.0,5.0,0.0,DaviDe02
1.0,1.0,5.0,5.0,0.0,WillKe08
1.0,0.0,0.0,0.0,0.0,HardMe00
2.0,2.0,6.0,3.0,0.0,GipsXa00
