Att.1,Yds.1,Y/A,TD.1,player_id
323.0,1585.0,4.91,18.0,TaylJo02
311.0,1202.0,3.86,10.0,McCaCh01
287.0,1478.0,5.15,7.0,RobiBi01
243.0,1223.0,5.03,13.0,GibbJa01
10.0,105.0,10.5,1.0,NacuPu00
7.0,36.0,5.14,0.0,SmitJa06
309.0,1621.0,5.25,12.0,CookJa01
307.0,1595.0,5.2,16.0,HenrDe00
238.0,1350.0,5.67,8.0,AchaDe00
112.0,579.0,5.17,14.0,AlleJo02
3.0,9.0,3.0,0.0,StxxAm00
0.0,0.0,0.0,0.0,McBrTr01
0.0,0.0,0.0,0.0,PickGe00
103.0,450.0,4.37,4.0,MayeDr00
29.0,1.0,0.03,0.0,StafMa00
259.0,1252.0,4.83,10.0,WillKy02
3.0,14.0,4.67,0.0,ChasJa00
260.0,1107.0,4.26,7.0,EtieTr00
82.0,359.0,4.38,9.0,LawrTr00
232.0,1019.0,4.39,6.0,BrowCh10
252.0,1201.0,4.77,11.0,WillJa10
234.0,929.0,3.97,13.0,JacoJo01
1.0,-3.0,-3.0,0.0,OlavCh00
223.0,1087.0,4.87,9.0,SwifDA00
280.0,1140.0,4.07,7.0,BarkSa00
0.0,0.0,0.0,0.0,AdamDa01
77.0,388.0,5.04,3.0,WillCa03
53.0,177.0,3.34,2.0,PresDa01
266.0,975.0,3.67,5.0,JeanAs00
10.0,62.0,6.2,1.0,FlowZa00
2.0,15.0,7.5,1.0,CollNi00
6.0,12.0,2.0,0.0,WillJa11
0.0,0.0,0.0,0.0,HiggTe00
83.0,356.0,4.29,5.0,NixxBo00
236.0,1076.0,4.56,6.0,DowdRi01
211.0,958.0,4.54,6.0,WarrJa01
0.0,0.0,0.0,0.0,SuttCo00
105.0,421.0,4.01,8.0,HurtJa00
19.0,45.0,2.37,0.0,GoffJa00
0.0,0.0,0.0,0.0,WilsMi02
0.0,0.0,0.0,0.0,BrowAJ00
243.0,1065.0,4.38,4.0,HallBr03
180.0,911.0,5.06,9.0,HendTr02
0.0,0.0,0.0,0.0,McMiTe00
0.0,0.0,0.0,0.0,GoedDa00
0.0,0.0,0.0,0.0,PittKy00
0.0,0.0,0.0,0.0,PierAl00
0.0,0.0,0.0,0.0,LondDr00
0.0,0.0,0.0,0.0,HenrHu00
83.0,498.0,6.0,2.0,HerbJu00
2.0,9.0,4.5,0.0,EgbuEm01
1.0,1.0,1.0,0.0,KelcTr00
64.0,422.0,6.59,5.0,MahoPa00
184.0,730.0,3.97,12.0,CharZa00
221.0,1027.0,4.65,5.0,WalkKe00
2.0,28.0,14.0,0.0,WaddJa00
146.0,540.0,3.7,7.0,HarvRJ00
7.0,13.0,1.86,1.0,FannHa00
2.0,12.0,6.0,1.0,MetcDK00
7.0,0.0,0.0,0.0,WashPa01
6.0,8.0,1.33,1.0,WarrTy00
2.0,2.0,1.0,0.0,BoweBr01
1.0,2.0,2.0,0.0,LambCe00
3.0,5.0,1.67,0.0,RobiWa01
0.0,0.0,0.0,0.0,DiggSt00
0.0,0.0,0.0,0.0,SmitDe07
0.0,0.0,0.0,0.0,PittMi01
242.0,1082.0,4.47,5.0,PollTo00
1.0,-2.0,-2.0,0.0,LoveCo00
2.0,7.0,3.5,0.0,JohnQu02
15.0,79.0,5.27,1.0,MoorD.00
1.0,1.0,1.0,0.0,FergJa00
1.0,-3.0,-3.0,0.0,KittGe00
0.0,0.0,0.0,0.0,JennJa00
55.0,382.0,6.95,1.0,MayfBa00
86.0,487.0,5.66,9.0,DartJa00
47.0,199.0,4.23,0.0,LoveJo03
35.0,95.0,2.71,0.0,DarnSa00
38.0,168.0,4.42,1.0,BrisJa00
45.0,164.0,3.64,5.0,JoneDa05
21.0,61.0,2.9,1.0,RodgAa00
54.0,216.0,4.0,2.0,YounBr01
67.0,349.0,5.21,2.0,JackLa00
48.0,209.0,4.35,1.0,StroCJ00
39.0,159.0,4.08,2.0,WardCa00
33.0,147.0,4.45,3.0,PurdBr00
41.0,109.0,2.66,0.0,SmitGe00
20.0,43.0,2.15,0.0,TagoTu00
45.0,186.0,4.13,3.0,ShouTy00
114.0,537.0,4.71,5.0,GainKe00
21.0,35.0,1.67,1.0,FlacJo00
130.0,603.0,4.64,7.0,StevRh00
230.0,827.0,3.6,7.0,JudkQu00
71.0,383.0,5.39,4.0,FielJu00
158.0,716.0,4.53,8.0,MontDa01
14.0,41.0,2.93,0.0,BurrJo01
175.0,805.0,4.6,8.0,CrosJa00
36.0,60.0,1.67,0.0,JoneMa05
169.0,783.0,4.63,5.0,MonaKy00
163.0,611.0,3.75,8.0,HuntKa00
196.0,703.0,3.59,2.0,MarkWo00
50.0,297.0,5.94,1.0,MariMa01
37.0,181.0,4.89,4.0,McCaJJ00
176.0,740.0,4.2,2.0,TracTy00
21.0,70.0,3.33,1.0,PeniMi00
2.0,7.0,3.5,0.0,JeffJu00
17.0,75.0,4.41,1.0,SamuDe00
159.0,758.0,4.77,6.0,MasoJo00
0.0,0.0,0.0,0.0,McCoLa00
145.0,746.0,5.14,6.0,CoruBl00
58.0,278.0,4.79,2.0,DaniJa02
5.0,12.0,2.4,0.0,FranTr00
0.0,0.0,0.0,0.0,DoubRo00
143.0,514.0,3.59,8.0,AllgTy00
173.0,588.0,3.4,1.0,IrviBu00
153.0,772.0,5.05,4.0,DobbJK00
11.0,51.0,4.64,0.0,TuckTr00
14.0,7.0,0.5,1.0,CousKi00
124.0,545.0,4.4,4.0,HampOm00
101.0,410.0,4.06,5.0,SkatCa00
0.0,0.0,0.0,0.0,JohnJu02
132.0,572.0,4.33,4.0,WhitRa01
0.0,0.0,0.0,0.0,AlleKe00
0.0,0.0,0.0,0.0,OdunRo00
155.0,643.0,4.15,3.0,VidaKi00
5.0,13.0,2.6,0.0,MeyeJa01
31.0,167.0,5.39,0.0,RattSp00
9.0,69.0,7.67,0.0,ShahRa00
5.0,20.0,4.0,1.0,RiceRa01
1.0,3.0,3.0,0.0,WatsCh00
0.0,0.0,0.0,0.0,SchuDa00
10.0,14.0,1.4,1.0,BarnAJ00
134.0,511.0,3.81,1.0,HubbCh01
1.0,5.0,5.0,0.0,ShakKh00
2.0,81.0,40.5,1.0,AddiJo00
0.0,0.0,0.0,0.0,BoutKa00
132.0,548.0,4.15,2.0,JoneAa00
119.0,437.0,3.67,5.0,SingDe00
3.0,21.0,7.0,1.0,ThomBr06
0.0,0.0,0.0,0.0,BrowMa04
0.0,0.0,0.0,0.0,HiggJa00
112.0,500.0,4.46,6.0,RodrCh00
0.0,0.0,0.0,0.0,HarrMa09
0.0,0.0,0.0,0.0,KincDa00
0.0,0.0,0.0,0.0,ParkCo02
1.0,3.0,3.0,0.0,KrafTu00
21.0,169.0,8.05,1.0,SandSh00
10.0,48.0,4.8,1.0,AndrMa00
0.0,0.0,0.0,0.0,JohnTh00
86.0,320.0,3.72,7.0,TuckSe00
0.0,0.0,0.0,0.0,GadsOr01
6.0,37.0,6.17,0.0,BurdLu00
125.0,496.0,3.97,3.0,WilsEm00
83.0,307.0,3.7,5.0,TuteBh00
11.0,18.0,1.64,0.0,DikeCh00
2.0,-2.0,-1.0,0.0,DownJo00
29.0,173.0,5.97,1.0,MurrKy00
0.0,0.0,0.0,0.0,AyomEl00
0.0,0.0,0.0,0.0,ErtzZa00
50.0,200.0,4.0,3.0,JohnTy02
0.0,0.0,0.0,0.0,McLaTe00
122.0,506.0,4.15,3.0,ChubNi00
4.0,25.0,6.25,0.0,FlouRy00
0.0,0.0,0.0,0.0,FreiPa00
2.0,13.0,6.5,0.0,NailJa00
0.0,0.0,0.0,0.0,StraBr00
1.0,5.0,5.0,0.0,JeudJe00
82.0,269.0,3.28,4.0,KnigZo00
17.0,110.0,6.47,1.0,WashMa00
14.0,86.0,6.14,0.0,GabrDi00
11.0,57.0,5.18,0.0,WentCa00
0.0,0.0,0.0,0.0,KuppCo00
13.0,60.0,4.62,1.0,MillDa02
131.0,471.0,3.6,1.0,KamaAl00
0.0,0.0,0.0,0.0,KnoxDa00
0.0,0.0,0.0,0.0,OkonCh00
118.0,462.0,3.92,1.0,PachIs00
11.0,87.0,7.91,0.0,WortXa00
1.0,4.0,4.0,0.0,HollMa00
0.0,0.0,0.0,0.0,LaPoSa01
72.0,283.0,3.93,2.0,SpeaTy00
92.0,333.0,3.62,1.0,CartMi03
7.0,21.0,3.0,0.0,DougDe00
1.0,4.0,4.0,0.0,WallDa01
0.0,0.0,0.0,0.0,ColeKe02
7.0,22.0,3.14,0.0,JohnTe03
0.0,0.0,0.0,0.0,WilsGa00
3.0,22.0,7.33,0.0,HutcXa00
0.0,0.0,0.0,0.0,OttoCa00
1.0,0.0,0.0,0.0,HockTJ00
0.0,0.0,0.0,0.0,SlayDa01
0.0,0.0,0.0,0.0,ThorTy00
84.0,382.0,4.55,3.0,PeriSa00
0.0,0.0,0.0,0.0,TeSlIs00
27.0,143.0,5.3,1.0,TaylTy00
0.0,0.0,0.0,0.0,TongJa00
17.0,89.0,5.24,0.0,TurpKa00
0.0,0.0,0.0,0.0,CokeJa01
3.0,14.0,4.67,0.0,IosiAn00
12.0,78.0,6.5,1.0,MimsMa00
0.0,0.0,0.0,0.0,AustCa00
0.0,0.0,0.0,0.0,BourKe00
0.0,0.0,0.0,0.0,EvanMi00
1.0,-4.0,-4.0,0.0,MitcAd00
92.0,400.0,4.35,2.0,RobiBr01
65.0,175.0,2.69,0.0,SampDy00
58.0,275.0,4.74,0.0,DaviRa04
1.0,0.0,0.0,0.0,LegeXa00
1.0,7.0,7.0,0.0,EngrEv00
0.0,0.0,0.0,0.0,NjokDa00
2.0,-2.0,-1.0,0.0,PearRi00
0.0,0.0,0.0,0.0,HortTo00
63.0,356.0,5.65,2.0,BigsTa00
22.0,123.0,5.59,2.0,WillMa12
43.0,236.0,5.49,1.0,DaviIs00
0.0,0.0,0.0,0.0,GodwCh00
0.0,0.0,0.0,0.0,MoonDa00
18.0,106.0,5.89,0.0,WilsRu00
9.0,39.0,4.33,1.0,BrowJa08
0.0,0.0,0.0,0.0,KmetCo00
0.0,0.0,0.0,0.0,HelmGu00
44.0,221.0,5.02,1.0,McNiJe00
70.0,199.0,2.84,3.0,GordOl00
9.0,70.0,7.78,1.0,SmitJo01
7.0,15.0,2.14,1.0,DortGr01
0.0,0.0,0.0,0.0,HigbTy00
59.0,341.0,5.78,1.0,MitcKe01
1.0,6.0,6.0,0.0,WickDo00
4.0,25.0,6.25,0.0,ZaccOl01
44.0,312.0,7.09,0.0,DemeEm00
0.0,0.0,0.0,0.0,HopkDe00
0.0,0.0,0.0,0.0,TaylMa02
0.0,0.0,0.0,0.0,BryaPa00
18.0,93.0,5.17,2.0,HillJu00
0.0,0.0,0.0,0.0,GesiMi00
57.0,206.0,3.61,2.0,NealDe00
2.0,19.0,9.5,0.0,RaymKa00
4.0,19.0,4.75,0.0,ShepSt00
70.0,288.0,4.11,2.0,WrigJa04
6.0,12.0,2.0,0.0,NoelJa00
0.0,0.0,0.0,0.0,WashDa03
7.0,23.0,3.29,1.0,WinsJa00
0.0,0.0,0.0,0.0,BellDa00
0.0,0.0,0.0,0.0,FantNo00
1.0,0.0,0.0,0.0,FergTe00
10.0,49.0,4.9,0.0,GoldMa02
0.0,0.0,0.0,0.0,JeffVa00
0.0,0.0,0.0,0.0,LockTy00
0.0,0.0,0.0,0.0,SmitJu00
0.0,0.0,0.0,0.0,VeleDe00
24.0,151.0,6.29,0.0,HuntTy01
0.0,0.0,0.0,0.0,McCaLu00
0.0,0.0,0.0,0.0,OlivJo00
0.0,0.0,0.0,0.0,AlleDa02
52.0,250.0,4.81,2.0,DaviMa02
2.0,10.0,5.0,0.0,HarrTr03
0.0,0.0,0.0,0.0,MayeMi00
3.0,-5.0,-1.67,0.0,MetcJo00
0.0,0.0,0.0,0.0,NabeMa00
0.0,0.0,0.0,0.0,TillCe01
2.0,3.0,1.5,0.0,WillKy03
0.0,0.0,0.0,0.0,HoopAu00
44.0,151.0,3.43,0.0,SmitBr09
5.0,29.0,5.8,0.0,BondIs00
1.0,-7.0,-7.0,0.0,DulcGr00
0.0,0.0,0.0,0.0,HaweJa00
0.0,0.0,0.0,0.0,PatrTi00
0.0,0.0,0.0,0.0,TremTo00
0.0,0.0,0.0,0.0,BateRa00
46.0,198.0,4.3,1.0,EstiAu00
1.0,0.0,0.0,0.0,HuntTr00
1.0,6.0,6.0,0.0,RobiDe01
0.0,0.0,0.0,0.0,LikeIs00
0.0,0.0,0.0,0.0,HillTy00
2.0,-3.0,-1.5,0.0,JuszKy00
1.0,7.0,7.0,0.0,LaneJa00
3.0,34.0,11.33,0.0,WillIs03
0.0,0.0,0.0,0.0,DotsJa00
8.0,19.0,2.38,0.0,EwerQu00
2.0,-1.0,-0.5,0.0,RivePh00
0.0,0.0,0.0,0.0,WalkDe01
52.0,114.0,2.19,1.0,HillTa00
0.0,0.0,0.0,0.0,ShavTy00
0.0,0.0,0.0,0.0,SillDa01
9.0,6.0,0.67,0.0,TrubMi00
6.0,30.0,5.0,0.0,BrowDy00
0.0,0.0,0.0,0.0,KirkCh01
0.0,0.0,0.0,0.0,PalmJo00
3.0,28.0,9.33,0.0,ReedJa03
0.0,0.0,0.0,0.0,RidlCa00
0.0,0.0,0.0,0.0,SmitXa00
1.0,1.0,1.0,0.0,EvanMi01
0.0,0.0,0.0,0.0,HudsTa00
6.0,27.0,4.5,2.0,LeonRi02
0.0,0.0,0.0,0.0,CookBr00
13.0,49.0,3.77,0.0,CookBr03
0.0,0.0,0.0,0.0,HiggEl00
47.0,193.0,4.11,1.0,MillKe01
1.0,9.0,9.0,0.0,MoorCh00
0.0,0.0,0.0,0.0,TolbJa00
37.0,187.0,5.05,1.0,McLaJa00
0.0,0.0,0.0,0.0,WilsRo02
0.0,0.0,0.0,0.0,JohnTy00
0.0,0.0,0.0,0.0,KolaCh00
0.0,0.0,0.0,0.0,TrauAd00
0.0,0.0,0.0,0.0,AtweTu00
32.0,95.0,2.97,1.0,ConnJa00
0.0,0.0,0.0,0.0,MusgLu00
0.0,0.0,0.0,0.0,SandJa01
32.0,114.0,3.56,0.0,ScotZa00
15.0,43.0,2.87,2.0,HeywCo00
12.0,55.0,4.58,1.0,JohnJo05
16.0,71.0,4.44,0.0,LuepHu00
0.0,0.0,0.0,0.0,OlszGu00
0.0,0.0,0.0,0.0,RuckJe00
0.0,0.0,0.0,0.0,TinsMi00
43.0,193.0,4.49,0.0,JordJa00
41.0,159.0,3.88,1.0,PattJa01
0.0,0.0,0.0,0.0,WrigBr01
0.0,0.0,0.0,0.0,ArroEl00
0.0,0.0,0.0,0.0,BechJa00
29.0,160.0,5.52,0.0,BensTr01
0.0,0.0,0.0,0.0,HumpLi01
13.0,127.0,9.77,0.0,CorlMa00
25.0,106.0,4.24,1.0,GibsAn00
0.0,0.0,0.0,0.0,LongHu00
0.0,0.0,0.0,0.0,RenfHu00
0.0,0.0,0.0,0.0,ThieAd00
0.0,0.0,0.0,0.0,WalkJa03
14.0,60.0,4.29,1.0,AbduAm00
0.0,0.0,0.0,0.0,AustKe00
27.0,106.0,3.93,0.0,BrooCh00
6.0,24.0,4.0,1.0,MoorEl00
0.0,0.0,0.0,0.0,WeasTh00
38.0,129.0,3.39,1.0,BlueJa01
0.0,0.0,0.0,0.0,BurkTr00
0.0,0.0,0.0,0.0,DaviGa01
0.0,0.0,0.0,0.0,FarrLu00
20.0,117.0,5.85,1.0,SandMi01
0.0,0.0,0.0,0.0,AlieMo00
24.0,73.0,3.04,0.0,FordJe00
0.0,0.0,0.0,0.0,GrayNo00
0.0,0.0,0.0,0.0,HodgIs00
8.0,69.0,8.63,0.0,HornJi00
0.0,0.0,0.0,0.0,JoneZa00
1.0,1.0,1.0,0.0,McMiJa01
0.0,0.0,0.0,0.0,ValdMa00
3.0,12.0,4.0,0.0,WhitJo04
1.0,5.0,5.0,0.0,BeckAn01
22.0,104.0,4.73,0.0,MostRa00
1.0,3.0,3.0,0.0,SampDr00
27.0,92.0,3.41,1.0,SandRa00
0.0,0.0,0.0,0.0,SinnBe00
8.0,23.0,2.88,0.0,BadiTy00
0.0,0.0,0.0,0.0,BateJo00
0.0,0.0,0.0,0.0,HillJu02
0.0,0.0,0.0,0.0,TremBr00
11.0,37.0,3.36,0.0,WillSa01
7.0,24.0,3.43,0.0,AlixRa00
23.0,94.0,4.09,0.0,AlleLe01
3.0,44.0,14.67,0.0,DuliAs00
0.0,0.0,0.0,0.0,MumpKo00
7.0,6.0,0.86,0.0,RudoMa00
0.0,0.0,0.0,0.0,SpanBr00
0.0,0.0,0.0,0.0,WhitCo05
0.0,0.0,0.0,0.0,CalcGr00
0.0,0.0,0.0,0.0,ChisEf00
3.0,5.0,1.67,2.0,HamxC.00
23.0,73.0,3.17,1.0,JennTe00
2.0,13.0,6.5,0.0,JohnKa01
17.0,85.0,5.0,0.0,LancTr00
8.0,8.0,1.0,0.0,McKeTa01
11.0,25.0,2.27,1.0,OgunDa00
0.0,0.0,0.0,0.0,SamuCu00
0.0,0.0,0.0,0.0,ThorDo00
18.0,76.0,4.22,1.0,AlleBr05
0.0,0.0,0.0,0.0,FitzJo00
22.0,73.0,3.32,1.0,HolaGe00
0.0,0.0,0.0,0.0,LazaAl00
0.0,0.0,0.0,0.0,SchoLu00
0.0,0.0,0.0,0.0,SkowBe00
1.0,3.0,3.0,0.0,JackSh01
0.0,0.0,0.0,0.0,MorrQu00
0.0,0.0,0.0,0.0,ReynJo00
0.0,0.0,0.0,0.0,AdkiNa00
0.0,0.0,0.0,0.0,LambKe01
0.0,0.0,0.0,0.0,MundJo00
13.0,49.0,3.77,0.0,NwanKe00
5.0,18.0,3.6,0.0,OladCh00
0.0,0.0,0.0,0.0,PettDa00
0.0,0.0,0.0,0.0,StolJa00
0.0,0.0,0.0,0.0,ThomIa00
0.0,0.0,0.0,0.0,ThraJa01
0.0,0.0,0.0,0.0,WallTy00
5.0,37.0,7.4,1.0,BrowBr06
1.0,2.0,2.0,0.0,ConkTy00
5.0,-2.0,-0.4,0.0,DaltAn00
0.0,0.0,0.0,0.0,DissWi00
26.0,96.0,3.69,0.0,GiddDJ00
5.0,50.0,10.0,0.0,MiltJo00
2.0,11.0,5.5,0.0,MoorSk01
10.0,44.0,4.4,0.0,PrenAd00
0.0,0.0,0.0,0.0,WhylJo01
0.0,0.0,0.0,0.0,BandMi00
0.0,0.0,0.0,0.0,ConnTa00
0.0,0.0,0.0,0.0,CoopDa01
20.0,94.0,4.7,0.0,EtieTr01
15.0,61.0,4.07,0.0,HarrNa00
0.0,0.0,0.0,0.0,HeatMa00
5.0,18.0,3.6,1.0,MafaPh00
0.0,0.0,0.0,0.0,MartDa01
0.0,0.0,0.0,0.0,MillRy01
0.0,0.0,0.0,0.0,OgleAn00
14.0,49.0,3.5,0.0,ShipWi00
4.0,18.0,4.5,0.0,TiptMa00
0.0,0.0,0.0,0.0,WashCa01
0.0,0.0,0.0,0.0,WestNi00
10.0,36.0,3.6,0.0,WillTr06
0.0,0.0,0.0,0.0,BellRo01
17.0,78.0,4.59,0.0,BrooBr01
0.0,0.0,0.0,0.0,BrowNo00
0.0,0.0,0.0,0.0,DeguJo00
14.0,43.0,3.07,0.0,EkelAu00
28.0,69.0,2.46,0.0,JohnKa03
5.0,22.0,4.4,0.0,PickKe00
4.0,3.0,0.75,0.0,StovCa00
5.0,19.0,3.8,0.0,AkerCa00
0.0,0.0,0.0,0.0,CulpDe00
12.0,58.0,4.83,0.0,KineCo00
0.0,0.0,0.0,0.0,McClRa00
0.0,0.0,0.0,0.0,ProcJa00
4.0,13.0,3.25,0.0,SmitAr01
0.0,0.0,0.0,0.0,WeavXa00
17.0,47.0,2.76,0.0,ChanTy01
12.0,60.0,5.0,0.0,DillAJ00
17.0,47.0,2.76,0.0,HaskHa00
16.0,52.0,3.25,0.0,HerbKh00
2.0,9.0,4.5,0.0,IngoAl01
0.0,0.0,0.0,0.0,JoneCh11
0.0,0.0,0.0,0.0,MillSc01
0.0,0.0,0.0,0.0,MoreFo00
12.0,32.0,2.67,0.0,WhitZa01
0.0,0.0,0.0,0.0,AndeRo04
0.0,0.0,0.0,0.0,BateBr00
16.0,45.0,2.81,0.0,BrooTa00
0.0,0.0,0.0,0.0,FirkAn00
19.0,48.0,2.53,0.0,HullEv00
0.0,0.0,0.0,0.0,KinsMa00
1.0,3.0,3.0,0.0,LarvGa00
1.0,7.0,7.0,0.0,OConAi00
9.0,46.0,5.11,0.0,RiveRo01
0.0,0.0,0.0,0.0,SaubEr00
0.0,0.0,0.0,0.0,SmarSt00
0.0,0.0,0.0,0.0,TramAu00
0.0,0.0,0.0,0.0,WoerCh00
0.0,0.0,0.0,0.0,YounDa02
0.0,0.0,0.0,0.0,BerrBr00
7.0,11.0,1.57,0.0,BrosMa00
1.0,4.0,4.0,0.0,BuecSh00
9.0,60.0,6.67,0.0,CartNa00
11.0,40.0,3.64,0.0,ChesJu00
0.0,0.0,0.0,0.0,DrumDy00
0.0,0.0,0.0,0.0,EskrDW00
0.0,0.0,0.0,0.0,GranKy00
0.0,0.0,0.0,0.0,HyatJa00
0.0,0.0,0.0,0.0,KennTo01
0.0,0.0,0.0,0.0,LatuKe00
0.0,0.0,0.0,0.0,OkwuAl00
14.0,36.0,2.57,0.0,PierDa01
0.0,0.0,0.0,0.0,RestXa00
0.0,0.0,0.0,0.0,WilsCe01
2.0,7.0,3.5,0.0,BageTy00
3.0,4.0,1.33,0.0,BridTe00
0.0,0.0,0.0,0.0,BrooJa03
0.0,0.0,0.0,0.0,CollBe00
0.0,0.0,0.0,0.0,DuveDe00
0.0,0.0,0.0,0.0,FeltTa00
2.0,4.0,2.0,0.0,GillRe00
9.0,24.0,2.67,0.0,GoodTy00
0.0,0.0,0.0,0.0,HodgKh00
14.0,25.0,1.79,0.0,JohnDE04
0.0,0.0,0.0,0.0,JoneJa16
4.0,32.0,8.0,0.0,JoneVe00
0.0,0.0,0.0,0.0,MingJo00
0.0,0.0,0.0,0.0,MitcJa00
1.0,11.0,11.0,0.0,RemiNi00
0.0,0.0,0.0,0.0,SimsBe00
0.0,0.0,0.0,0.0,SmytDu00
1.0,5.0,5.0,0.0,ThomDe07
0.0,0.0,0.0,0.0,WatkJo00
0.0,0.0,0.0,0.0,WatsJu01
0.0,0.0,0.0,0.0,BoboJa00
0.0,0.0,0.0,0.0,CoveBr00
3.0,21.0,7.0,0.0,DallDe00
10.0,-5.0,-0.5,0.0,DobbJo00
7.0,13.0,1.86,0.0,EdwaCl00
0.0,0.0,0.0,0.0,FiskTu00
2.0,17.0,8.5,0.0,JohnRo07
0.0,0.0,0.0,0.0,JoneTi00
0.0,0.0,0.0,0.0,KeenJa00
0.0,0.0,0.0,0.0,KrulLu00
0.0,0.0,0.0,0.0,MallWi00
0.0,0.0,0.0,0.0,MartTa00
0.0,0.0,0.0,0.0,MitcZa00
1.0,12.0,12.0,0.0,MoorDa03
0.0,0.0,0.0,0.0,ReimTi00
4.0,-4.0,-1.0,0.0,RushCo00
0.0,0.0,0.0,0.0,SherTr00
5.0,23.0,4.6,0.0,TuneCl00
0.0,0.0,0.0,0.0,WashTa00
0.0,0.0,0.0,0.0,WaynJa01
0.0,0.0,0.0,0.0,WoodJe01
5.0,20.0,4.0,0.0,WrigJa05
0.0,0.0,0.0,0.0,YankCo00
0.0,0.0,0.0,0.0,ZylsSh00
0.0,0.0,0.0,0.0,AlleBr00
0.0,0.0,0.0,0.0,BaccAn00
0.0,0.0,0.0,0.0,BachAl00
0.0,0.0,0.0,0.0,BryaHa00
0.0,0.0,0.0,0.0,CannSa00
0.0,0.0,0.0,0.0,DurhPa00
0.0,0.0,0.0,0.0,DwelRo00
3.0,6.0,2.0,0.0,GaskMy00
0.0,0.0,0.0,0.0,GoulAn00
0.0,0.0,0.0,0.0,GranCa00
2.0,8.0,4.0,0.0,JohnAm00
7.0,9.0,1.29,0.0,LaubDy00
0.0,0.0,0.0,0.0,ManhCh00
0.0,0.0,0.0,0.0,MataMo00
3.0,7.0,2.33,0.0,MullKa00
0.0,0.0,0.0,0.0,OlivBr02
1.0,3.0,3.0,0.0,RicaPa00
4.0,-1.0,-0.25,0.0,RichAn03
2.0,11.0,5.5,0.0,SaylJa00
0.0,0.0,0.0,0.0,SkinQu00
4.0,11.0,2.75,0.0,WillJo011
3.0,1.0,0.33,0.0,WilsZa00
3.0,6.0,2.0,0.0,WrigOw00
0.0,0.0,0.0,0.0,YuroBe00
0.0,0.0,0.0,0.0,AlexMa02
3.0,-3.0,-1.0,0.0,AlleKy00
1.0,0.0,0.0,0.0,BentUl00
0.0,0.0,0.0,0.0,BlaiCh00
0.0,0.0,0.0,0.0,BrigGa00
0.0,0.0,0.0,0.0,BrooJa04
0.0,0.0,0.0,0.0,BrowJa07
0.0,0.0,0.0,0.0,BrowPh01
0.0,0.0,0.0,0.0,CageLa01
0.0,0.0,0.0,0.0,CambDa00
0.0,0.0,0.0,0.0,CampDa01
0.0,0.0,0.0,0.0,CampPa00
0.0,0.0,0.0,0.0,CarlSt00
0.0,0.0,0.0,0.0,CartDe02
0.0,0.0,0.0,0.0,ChisDa00
0.0,0.0,0.0,0.0,CracRi00
1.0,1.0,1.0,0.0,CunnMa00
0.0,0.0,0.0,0.0,DabnDr00
0.0,0.0,0.0,0.0,DaviKa02
0.0,0.0,0.0,0.0,DaviZa00
0.0,0.0,0.0,0.0,DippCJ00
0.0,0.0,0.0,0.0,EdmoCh00
0.0,0.0,0.0,0.0,FantPr00
0.0,0.0,0.0,0.0,FehoSi00
0.0,0.0,0.0,0.0,FidoTh00
2.0,4.0,2.0,0.0,FranFe00
0.0,0.0,0.0,0.0,GageRu00
0.0,0.0,0.0,0.0,GrayEr01
0.0,0.0,0.0,0.0,GuerIs00
2.0,-2.0,-1.0,0.0,HineNy00
0.0,0.0,0.0,0.0,HoliJi00
1.0,-2.0,-2.0,0.0,HomeTr00
0.0,0.0,0.0,0.0,HortZa00
0.0,0.0,0.0,0.0,HuntJa03
0.0,0.0,0.0,0.0,JameJo01
0.0,0.0,0.0,0.0,JeffJe00
0.0,0.0,0.0,0.0,JenkEJ00
0.0,0.0,0.0,0.0,JohnJa12
0.0,0.0,0.0,0.0,JoneJe01
0.0,0.0,0.0,0.0,KaliNi00
0.0,0.0,0.0,0.0,KallNi00
0.0,0.0,0.0,0.0,KiefKo00
0.0,0.0,0.0,0.0,LatuCa01
0.0,0.0,0.0,0.0,LewiMa00
6.0,-5.0,-0.83,0.0,LockDr00
0.0,0.0,0.0,0.0,LoveDo00
1.0,-1.0,-1.0,0.0,MartAd00
0.0,0.0,0.0,0.0,McKeSe01
0.0,0.0,0.0,0.0,MeekJa00
2.0,2.0,1.0,0.0,MiltKe01
0.0,0.0,0.0,0.0,MimsJo00
6.0,2.0,0.33,0.0,MinsGa00
0.0,0.0,0.0,0.0,MitcEl00
0.0,0.0,0.0,0.0,MoreJa01
12.0,-8.0,-0.67,0.0,MullNi00
0.0,0.0,0.0,0.0,NichLe00
0.0,0.0,0.0,0.0,OuztRo00
0.0,0.0,0.0,0.0,OwenCo00
0.0,0.0,0.0,0.0,PalmTe00
0.0,0.0,0.0,0.0,PresBr00
0.0,0.0,0.0,0.0,QuitTe00
3.0,4.0,1.33,0.0,ReynCr00
0.0,0.0,0.0,0.0,RiccGi00
0.0,0.0,0.0,0.0,RichJP00
0.0,0.0,0.0,0.0,RoyaJa00
0.0,0.0,0.0,0.0,RuccHa00
0.0,0.0,0.0,0.0,RunyCa00
0.0,0.0,0.0,0.0,RussBr00
0.0,0.0,0.0,0.0,RypiBr00
0.0,0.0,0.0,0.0,SchrCo00
0.0,0.0,0.0,0.0,SermTr00
0.0,0.0,0.0,0.0,ShorJu00
0.0,0.0,0.0,0.0,SimsSt00
0.0,0.0,0.0,0.0,SlovKe00
0.0,0.0,0.0,0.0,SmitBr07
1.0,-1.0,-1.0,0.0,StidJa00
0.0,0.0,0.0,0.0,TonyRo00
0.0,0.0,0.0,0.0,TourSa00
0.0,0.0,0.0,0.0,TreaLa00
0.0,0.0,0.0,0.0,TurnCo00
0.0,0.0,0.0,0.0,TurnDJ00
0.0,0.0,0.0,0.0,TurnMa00
1.0,4.0,4.0,0.0,VakiSi00
0.0,0.0,0.0,0.0,VannNi00
0.0,0.0,0.0,0.0,VokoTr00
0.0,0.0,0.0,0.0,WashCa00
0.0,0.0,0.0,0.0,WelcTr00
0.0,0.0,0.0,0.0,WestJa01
0.0,0.0,0.0,0.0,WhitBl01
0.0,0.0,0.0,0.0,WhitRi01
0.0,0.0,0.0,0.0,WileJa00
0.0,0.0,0.0,0.0,WillAv02
0.0,0.0,0.0,0.0,WillBr06
0.0,0.0,0.0,0.0,WilsJe01
2.0,5.0,2.5,0.0,DaviDe02
9.0,-10.0,-1.11,0.0,GaroJi00
2.0,10.0,5.0,0.0,WillKe08
0.0,0.0,0.0,0.0,AgneJa00
0.0,0.0,0.0,0.0,HardMe00
3.0,4.0,1.33,0.0,MilrJa00
0.0,0.0,0.0,0.0,WestLa01
0.0,0.0,0.0,0.0,GipsXa00
0.0,0.0,0.0,0.0,PricMy00
