"player","position","games","targets","receptions","catch_percentage","rec_yd_pts","rec_td_pts","rush_ypa","rush_yd_pts","rush_td_pts","fumbles","fnt_ppr"
"Puka Nacua","WR",16,"166.00","129.00",78,"171.50","60.00","10.50","10.50","6.00","1.00","375.000"
"Jaxon Smith-Njigba","WR",17,"163.00","119.00",73,"179.30","60.00","5.14","3.60","0.00","3.00","359.900"
"Amon-Ra St. Brown","WR",17,"172.00","117.00",68,"140.10","66.00","3.00","0.90","0.00","1.00","324.000"
"Ja'Marr Chase","WR",16,"185.00","125.00",68,"141.20","48.00","4.67","1.40","0.00","1.00","313.600"
"George Pickens","WR",17,"137.00","93.00",68,"142.90","54.00","0.00","0.00","0.00","4.00","291.900"
"Chris Olave","WR",16,"156.00","100.00",64,"116.30","54.00","-3.00","-0.30","0.00","0.00","268.000"
"Zay Flowers","WR",17,"118.00","86.00",73,"121.10","30.00","6.20","6.20","6.00","3.00","243.300"
"Nico Collins","WR",15,"120.00","71.00",59,"111.70","36.00","7.50","1.50","6.00","1.00","226.200"
"Davante Adams","WR",14,"114.00","60.00",53,"78.90","84.00","0.00","0.00","0.00","0.00","222.900"
"Michael Wilson","WR",17,"126.00","78.00",62,"100.60","42.00","0.00","0.00","0.00","0.00","220.600"
"A.J. Brown","WR",15,"121.00","78.00",64,"100.30","42.00","0.00","0.00","0.00","0.00","220.300"
"Jameson Williams","WR",17,"102.00","65.00",64,"111.70","42.00","2.00","1.20","0.00","0.00","219.900"
"Courtland Sutton","WR",17,"124.00","74.00",60,"101.70","42.00","0.00","0.00","0.00","0.00","219.700"
"Wan'Dale Robinson","WR",16,"140.00","92.00",66,"101.40","24.00","1.67","0.50","0.00","1.00","217.900"
"Tee Higgins","WR",15,"98.00","59.00",60,"84.60","66.00","0.00","0.00","0.00","0.00","211.600"
"Tetairoa McMillan","WR",17,"122.00","70.00",57,"101.40","42.00","0.00","0.00","0.00","1.00","211.400"
"Stefon Diggs","WR",17,"102.00","85.00",83,"101.30","24.00","0.00","0.00","0.00","0.00","210.300"
"Michael Pittman Jr.","WR",17,"111.00","80.00",72,"78.40","42.00","0.00","0.00","0.00","0.00","202.400"
"Drake London","WR",12,"112.00","68.00",61,"91.90","42.00","0.00","0.00","0.00","1.00","201.900"
"DeVonta Smith","WR",17,"113.00","77.00",68,"100.80","24.00","0.00","0.00","0.00","0.00","201.800"
"Justin Jefferson","WR",17,"141.00","84.00",60,"104.80","12.00","3.50","0.70","0.00","0.00","201.500"
"CeeDee Lamb","WR",14,"117.00","75.00",64,"107.70","18.00","2.00","0.20","0.00","0.00","200.900"
"Emeka Egbuka","WR",17,"127.00","63.00",50,"93.80","36.00","4.50","0.90","0.00","0.00","195.700"
"Jaylen Waddle","WR",16,"100.00","64.00",64,"91.00","36.00","14.00","2.80","0.00","1.00","194.100"
"Deebo Samuel","WR",16,"99.00","72.00",73,"72.70","30.00","4.41","7.50","6.00","3.00","188.200"
"D.K. Metcalf","WR",15,"99.00","59.00",60,"85.00","36.00","6.00","1.20","6.00","0.00","187.200"
"Parker Washington","WR",16,"95.00","58.00",61,"84.70","30.00","0.00","0.00","0.00","2.00","184.700"
"Alec Pierce","WR",15,"84.00","47.00",56,"100.30","36.00","0.00","0.00","0.00","0.00","183.300"
"Keenan Allen","WR",17,"122.00","81.00",66,"77.70","24.00","0.00","0.00","0.00","2.00","182.700"
"Ladd McConkey","WR",16,"106.00","66.00",62,"78.90","36.00","0.00","0.00","0.00","0.00","180.900"
"Troy Franklin","WR",17,"104.00","65.00",63,"70.90","36.00","2.40","1.20","0.00","1.00","177.100"
"Jakobi Meyers","WR",16,"110.00","75.00",68,"83.50","18.00","2.60","1.30","0.00","1.00","175.800"
"Jauan Jennings","WR",15,"90.00","55.00",61,"64.30","54.00","0.00","0.00","0.00","1.00","173.300"
"Quentin Johnston","WR",14,"84.00","51.00",61,"73.50","48.00","3.50","0.70","0.00","1.00","171.200"
"D.J. Moore","WR",17,"85.00","50.00",59,"68.20","36.00","5.27","7.90","6.00","1.00","170.200"
"Khalil Shakir","WR",16,"95.00","72.00",76,"71.90","24.00","5.00","0.50","0.00","1.00","166.400"
"Romeo Doubs","WR",16,"85.00","55.00",65,"72.40","36.00","0.00","0.00","0.00","1.00","165.400"
"Tre Tucker","WR",17,"92.00","57.00",62,"69.60","30.00","4.64","5.10","0.00","0.00","161.700"
"Rashid Shaheed","WR",18,"92.00","59.00",64,"68.70","12.00","7.67","6.90","0.00","2.00","156.600"
"Rashee Rice","WR",8,"78.00","53.00",68,"57.10","30.00","4.00","2.00","6.00","2.00","150.100"
"Rome Odunze","WR",12,"90.00","44.00",49,"66.10","36.00","0.00","0.00","0.00","0.00","146.100"
"Brian Thomas","WR",14,"91.00","48.00",53,"70.70","12.00","7.00","2.10","6.00","0.00","138.800"
"Marquise Brown","WR",16,"74.00","49.00",66,"58.70","30.00","0.00","0.00","0.00","1.00","137.700"
"Josh Downs","WR",16,"88.00","58.00",66,"56.60","24.00","-1.00","-0.20","0.00","1.00","136.400"
"Jordan Addison","WR",14,"79.00","42.00",53,"61.00","18.00","40.50","8.10","6.00","0.00","135.100"
"Christian Watson","WR",10,"55.00","35.00",64,"61.10","36.00","3.00","0.30","0.00","0.00","132.400"
"Jayden Higgins","WR",17,"68.00","41.00",60,"52.50","36.00","0.00","0.00","0.00","0.00","129.500"
"Luther Burden","WR",15,"60.00","47.00",78,"65.20","12.00","6.17","3.70","0.00","0.00","127.900"
"Marvin Harrison Jr.","WR",12,"73.00","41.00",56,"60.80","24.00","0.00","0.00","0.00","0.00","127.800"
"Chimere Dike","WR",17,"74.00","48.00",65,"42.30","24.00","1.64","1.80","0.00","2.00","126.100"
"Kayshon Boutte","WR",14,"46.00","33.00",72,"55.10","36.00","0.00","0.00","0.00","0.00","124.100"
"Jerry Jeudy","WR",17,"106.00","50.00",47,"60.20","12.00","5.00","0.50","0.00","1.00","120.700"
"Malik Washington","WR",17,"65.00","46.00",71,"31.70","18.00","6.47","11.00","6.00","1.00","116.700"
"Elic Ayomanor","WR",16,"89.00","41.00",46,"51.50","24.00","0.00","0.00","0.00","0.00","116.500"
"Cooper Kupp","WR",16,"70.00","47.00",67,"59.30","12.00","0.00","0.00","0.00","1.00","116.300"
"Terry McLaurin","WR",10,"60.00","38.00",63,"58.20","18.00","0.00","0.00","0.00","0.00","114.200"
"Ryan Flournoy","WR",16,"56.00","40.00",71,"47.50","24.00","6.25","2.50","0.00","0.00","114.000"
"Mack Hollins","WR",15,"65.00","46.00",71,"55.00","12.00","4.00","0.40","0.00","1.00","113.400"
"Xavier Worthy","WR",14,"73.00","42.00",58,"53.20","6.00","7.91","8.70","0.00","0.00","109.900"
"Keon Coleman","WR",13,"59.00","38.00",64,"40.40","24.00","0.00","0.00","0.00","1.00","102.400"
"Jalen Nailor","WR",17,"53.00","29.00",55,"44.40","24.00","6.50","1.30","0.00","0.00","100.700"
"Garrett Wilson","WR",7,"59.00","36.00",61,"39.50","24.00","0.00","0.00","0.00","1.00","99.500"
"Darius Slayton","WR",14,"63.00","37.00",59,"53.80","6.00","0.00","0.00","0.00","1.00","98.800"
"Xavier Hutchinson","WR",17,"57.00","35.00",61,"42.80","18.00","7.33","2.20","0.00","0.00","98.000"
"Marvin Mims","WR",15,"51.00","37.00",73,"32.20","6.00","6.50","7.80","6.00","2.00","93.000"
"Tez Johnson","WR",16,"44.00","28.00",64,"32.20","30.00","3.14","2.20","0.00","0.00","92.400"
"Kendrick Bourne","WR",16,"53.00","37.00",70,"55.10","0.00","0.00","0.00","0.00","0.00","92.100"
"Jalen Coker","WR",11,"43.00","33.00",77,"39.40","18.00","0.00","0.00","0.00","1.00","90.400"
"Andrei Iosivas","WR",17,"58.00","33.00",57,"43.50","12.00","4.67","1.40","0.00","0.00","89.900"
"Xavier Legette","WR",15,"64.00","35.00",55,"36.30","18.00","0.00","0.00","0.00","1.00","89.300"
"Ricky Pearsall","WR",9,"53.00","36.00",68,"52.80","0.00","-1.00","-0.20","0.00","0.00","88.600"
"Adonai Mitchell","WR",16,"74.00","33.00",45,"45.30","12.00","-4.00","-0.40","0.00","1.00","87.900"
"Calvin Austin III","WR",14,"55.00","31.00",56,"37.20","18.00","0.00","0.00","0.00","0.00","86.200"
"Darnell Mooney","WR",15,"72.00","32.00",44,"44.30","6.00","0.00","0.00","0.00","2.00","82.300"
"Isaac TeSlaa","WR",17,"27.00","16.00",59,"23.90","36.00","0.00","0.00","0.00","0.00","75.900"
"Dontayvion Wicks","WR",14,"46.00","30.00",65,"33.20","12.00","6.00","0.60","0.00","0.00","75.800"
"Greg Dortch","WR",12,"33.00","29.00",88,"20.60","18.00","2.14","1.50","6.00","1.00","75.100"
"Van Jefferson","WR",16,"52.00","29.00",56,"35.00","6.00","0.00","0.00","0.00","0.00","70.000"
"DeAndre Hopkins","WR",17,"39.00","22.00",56,"33.00","12.00","0.00","0.00","0.00","0.00","67.000"
"Devaughn Vele","WR",13,"39.00","25.00",64,"29.30","12.00","0.00","0.00","0.00","0.00","66.300"
"Cedric Tillman","WR",13,"39.00","21.00",54,"27.00","12.00","0.00","0.00","0.00","0.00","60.000"
"Isaiah Williams","WR",15,"36.00","26.00",72,"19.30","0.00","11.33","3.40","0.00","1.00","58.700"
"Rashod Bateman","WR",13,"38.00","19.00",50,"22.40","12.00","0.00","0.00","0.00","0.00","55.400"
"Isaiah Bond","WR",16,"44.00","18.00",41,"33.80","0.00","5.80","2.90","0.00","0.00","54.700"
"Josh Palmer","WR",12,"37.00","22.00",59,"30.30","0.00","0.00","0.00","0.00","0.00","52.300"
"Luke McCaffrey","WR",9,"15.00","11.00",73,"20.30","18.00","0.00","0.00","0.00","0.00","51.300"
"Jahan Dotson","WR",17,"36.00","18.00",50,"26.20","6.00","0.00","0.00","0.00","0.00","50.200"
"David Sills V","WR",17,"36.00","18.00",50,"19.10","12.00","0.00","0.00","0.00","0.00","49.100"
"Xavier Smith","WR",16,"24.00","18.00",75,"30.30","0.00","0.00","0.00","0.00","0.00","48.300"
"Jack Bech","WR",16,"29.00","20.00",69,"22.40","0.00","0.00","0.00","0.00","0.00","42.400"
"Roman Wilson","WR",13,"21.00","12.00",57,"16.60","12.00","0.00","0.00","0.00","1.00","38.600"
"Tyler Johnson","WR",12,"18.00","12.00",67,"19.70","6.00","0.00","0.00","0.00","0.00","37.700"
"Dont'e Thornton","WR",15,"30.00","10.00",33,"13.50","0.00","0.00","0.00","0.00","0.00","23.500"
"Xavier Gipson","WR",7,"2.00","2.00",100,"0.60","0.00","0.00","0.00","0.00","3.00","-1.400"
