"games","player","position","team","points","rush_attempts","rush_ypa","rush_yds","rush_tds","rush_yd_pts","rush_td_pts","receptions","targets","rec_yds","rec_tds","rec_yd_pts","rec_td_pts","fumbles"
17,"Christian McCaffrey","RB","SFO","416.60","311.00","3.86","1202.00","10.00","120.20","60.00","102.00","129.00","924.00","7.00","92.40","42.00","2.00"
16,"Puka Nacua","WR","LAR","375.00","10.00","10.50","105.00","1.00","10.50","6.00","129.00","166.00","1715.00","10.00","171.50","60.00","1.00"
17,"Bijan Robinson","RB","ATL","370.80","287.00","5.15","1478.00","7.00","147.80","42.00","79.00","103.00","820.00","4.00","82.00","24.00","4.00"
17,"Jahmyr Gibbs","RB","DET","366.90","243.00","5.03","1223.00","13.00","122.30","78.00","77.00","94.00","616.00","5.00","61.60","30.00","2.00"
17,"Jonathan Taylor","RB","IND","362.30","323.00","4.91","1585.00","18.00","158.50","108.00","46.00","55.00","378.00","2.00","37.80","12.00","2.00"
17,"Jaxon Smith-Njigba","WR","SEA","359.90","7.00","5.14","36.00","0.00","3.60","0.00","119.00","163.00","1793.00","10.00","179.30","60.00","3.00"
17,"Amon-Ra St. Brown","WR","DET","324.00","3.00","3.00","9.00","0.00","0.90","0.00","117.00","172.00","1401.00","11.00","140.10","66.00","1.00"
16,"De'Von Achane","RB","MIA","322.80","238.00","5.67","1350.00","8.00","135.00","48.00","67.00","85.00","488.00","4.00","48.80","24.00","1.00"
17,"Trey McBride","TE","ARI","315.90","0.00","0.00","0.00","0.00","0.00","0.00","126.00","169.00","1239.00","11.00","123.90","66.00","0.00"
16,"Ja'Marr Chase","WR","CIN","313.60","3.00","4.67","14.00","0.00","1.40","0.00","125.00","185.00","1412.00","8.00","141.20","48.00","1.00"
17,"James Cook","RB","BUF","302.20","309.00","5.25","1621.00","12.00","162.10","72.00","33.00","40.00","291.00","2.00","29.10","12.00","6.00"
17,"George Pickens","WR","DAL","291.90","0.00","0.00","0.00","0.00","0.00","0.00","93.00","137.00","1429.00","9.00","142.90","54.00","4.00"
17,"Chase Brown","RB","CIN","282.60","232.00","4.39","1019.00","6.00","101.90","36.00","69.00","88.00","437.00","5.00","43.70","30.00","2.00"
17,"Derrick Henry","RB","BAL","279.50","307.00","5.20","1595.00","16.00","159.50","96.00","15.00","21.00","150.00","0.00","15.00","0.00","4.00"
16,"Chris Olave","WR","NOR","268.00","1.00","-3.00","-3.00","0.00","-0.30","0.00","100.00","156.00","1163.00","9.00","116.30","54.00","0.00"
17,"Kyren Williams","RB","LAR","263.30","259.00","4.83","1252.00","10.00","125.20","60.00","36.00","50.00","281.00","3.00","28.10","18.00","2.00"
17,"Travis Etienne","RB","JAX","253.90","260.00","4.26","1107.00","7.00","110.70","42.00","36.00","52.00","292.00","6.00","29.20","36.00","1.00"
17,"Ashton Jeanty","RB","LVR","245.10","266.00","3.67","975.00","5.00","97.50","30.00","55.00","73.00","346.00","5.00","34.60","30.00","2.00"
17,"Zay Flowers","WR","BAL","243.30","10.00","6.20","62.00","1.00","6.20","6.00","86.00","118.00","1211.00","5.00","121.10","30.00","3.00"
16,"Javonte Williams","RB","DAL","242.80","252.00","4.77","1201.00","11.00","120.10","66.00","35.00","51.00","137.00","2.00","13.70","12.00","2.00"
15,"Josh Jacobs","RB","GNB","237.10","234.00","3.97","929.00","13.00","92.90","78.00","36.00","44.00","282.00","1.00","28.20","6.00","3.00"
16,"Saquon Barkley","RB","PHI","232.30","280.00","4.07","1140.00","7.00","114.00","42.00","37.00","50.00","273.00","2.00","27.30","12.00","1.00"
16,"D'Andre Swift","RB","CHI","228.60","223.00","4.87","1087.00","9.00","108.70","54.00","34.00","48.00","299.00","1.00","29.90","6.00","2.00"
15,"Nico Collins","WR","HOU","226.20","2.00","7.50","15.00","1.00","1.50","6.00","71.00","120.00","1117.00","6.00","111.70","36.00","1.00"
14,"Davante Adams","WR","LAR","222.90","0.00","0.00","0.00","0.00","0.00","0.00","60.00","114.00","789.00","14.00","78.90","84.00","0.00"
17,"Kenneth Gainwell","RB","PIT","221.30","114.00","4.71","537.00","5.00","53.70","30.00","73.00","85.00","486.00","3.00","48.60","18.00","2.00"
17,"Michael Wilson","WR","ARI","220.60","0.00","0.00","0.00","0.00","0.00","0.00","78.00","126.00","1006.00","7.00","100.60","42.00","0.00"
15,"A.J. Brown","WR","PHI","220.30","0.00","0.00","0.00","0.00","0.00","0.00","78.00","121.00","1003.00","7.00","100.30","42.00","0.00"
17,"Jameson Williams","WR","DET","219.90","6.00","2.00","12.00","0.00","1.20","0.00","65.00","102.00","1117.00","7.00","111.70","42.00","0.00"
17,"Courtland Sutton","WR","DEN","219.70","0.00","0.00","0.00","0.00","0.00","0.00","74.00","124.00","1017.00","7.00","101.70","42.00","0.00"
16,"Wan'Dale Robinson","WR","NYG","217.90","3.00","1.67","5.00","0.00","0.50","0.00","92.00","140.00","1014.00","4.00","101.40","24.00","1.00"
16,"Jaylen Warren","RB","PIT","217.10","211.00","4.54","958.00","6.00","95.80","36.00","40.00","45.00","333.00","2.00","33.30","12.00","1.00"
17,"Rico Dowdle","RB","CAR","216.30","236.00","4.56","1076.00","6.00","107.60","36.00","39.00","50.00","297.00","1.00","29.70","6.00","2.00"
15,"Tee Higgins","WR","CIN","211.60","0.00","0.00","0.00","0.00","0.00","0.00","59.00","98.00","846.00","11.00","84.60","66.00","0.00"
17,"Tetairoa McMillan","WR","CAR","211.40","0.00","0.00","0.00","0.00","0.00","0.00","70.00","122.00","1014.00","7.00","101.40","42.00","1.00"
17,"Kyle Pitts","TE","ATL","210.80","0.00","0.00","0.00","0.00","0.00","0.00","88.00","118.00","928.00","5.00","92.80","30.00","0.00"
17,"Stefon Diggs","WR","NWE","210.30","0.00","0.00","0.00","0.00","0.00","0.00","85.00","102.00","1013.00","4.00","101.30","24.00","0.00"
16,"Breece Hall","RB","NYJ","207.70","243.00","4.38","1065.00","4.00","106.50","24.00","36.00","48.00","350.00","1.00","35.00","6.00","2.00"
17,"RJ Harvey","RB","DEN","206.60","146.00","3.70","540.00","7.00","54.00","42.00","47.00","58.00","356.00","5.00","35.60","30.00","1.00"
17,"TreVeyon Henderson","RB","NWE","206.20","180.00","5.06","911.00","9.00","91.10","54.00","35.00","42.00","221.00","1.00","22.10","6.00","1.00"
17,"Michael Pittman Jr.","WR","IND","202.40","0.00","0.00","0.00","0.00","0.00","0.00","80.00","111.00","784.00","7.00","78.40","42.00","0.00"
12,"Drake London","WR","ATL","201.90","0.00","0.00","0.00","0.00","0.00","0.00","68.00","112.00","919.00","7.00","91.90","42.00","1.00"
17,"DeVonta Smith","WR","PHI","201.80","0.00","0.00","0.00","0.00","0.00","0.00","77.00","113.00","1008.00","4.00","100.80","24.00","0.00"
17,"Justin Jefferson","WR","MIN","201.50","2.00","3.50","7.00","0.00","0.70","0.00","84.00","141.00","1048.00","2.00","104.80","12.00","0.00"
14,"CeeDee Lamb","WR","DAL","200.90","1.00","2.00","2.00","0.00","0.20","0.00","75.00","117.00","1077.00","3.00","107.70","18.00","0.00"
17,"Emeka Egbuka","WR","TAM","195.70","2.00","4.50","9.00","0.00","0.90","0.00","63.00","127.00","938.00","6.00","93.80","36.00","0.00"
16,"Jaylen Waddle","WR","MIA","194.10","2.00","14.00","28.00","0.00","2.80","0.00","64.00","100.00","910.00","6.00","91.00","36.00","1.00"
17,"Travis Kelce","TE","KAN","193.20","1.00","1.00","1.00","0.00","0.10","0.00","76.00","108.00","851.00","5.00","85.10","30.00","1.00"
17,"Kenneth Walker III","RB","SEA","191.90","221.00","4.65","1027.00","5.00","102.70","30.00","31.00","36.00","282.00","0.00","28.20","0.00","1.00"
17,"Tyler Warren","TE","IND","188.50","6.00","1.33","8.00","1.00","0.80","6.00","76.00","112.00","817.00","4.00","81.70","24.00","1.00"
16,"Deebo Samuel","WR","WAS","188.20","17.00","4.41","75.00","1.00","7.50","6.00","72.00","99.00","727.00","5.00","72.70","30.00","3.00"
15,"D.K. Metcalf","WR","PIT","187.20","2.00","6.00","12.00","1.00","1.20","6.00","59.00","99.00","850.00","6.00","85.00","36.00","0.00"
16,"Harold Fannin","TE","CLE","186.40","7.00","1.86","13.00","1.00","1.30","6.00","72.00","107.00","731.00","6.00","73.10","36.00","1.00"
17,"Tony Pollard","RB","TEN","185.80","242.00","4.47","1082.00","5.00","108.20","30.00","33.00","41.00","206.00","0.00","20.60","0.00","4.00"
16,"Parker Washington","WR","JAX","184.70","7.00","0.00","0.00","0.00","0.00","0.00","58.00","95.00","847.00","5.00","84.70","30.00","2.00"
17,"Keenan Allen","WR","LAC","182.70","0.00","0.00","0.00","0.00","0.00","0.00","81.00","122.00","777.00","4.00","77.70","24.00","2.00"
16,"Zach Charbonnet","RB","SEA","181.40","184.00","3.97","730.00","12.00","73.00","72.00","20.00","24.00","144.00","0.00","14.40","0.00","0.00"
16,"Ladd McConkey","WR","LAC","180.90","0.00","0.00","0.00","0.00","0.00","0.00","66.00","106.00","789.00","6.00","78.90","36.00","0.00"
17,"Juwan Johnson","TE","NOR","179.90","0.00","0.00","0.00","0.00","0.00","0.00","77.00","102.00","889.00","3.00","88.90","18.00","2.00"
17,"Hunter Henry","TE","NWE","178.80","0.00","0.00","0.00","0.00","0.00","0.00","60.00","87.00","768.00","7.00","76.80","42.00","0.00"
17,"Dalton Schultz","TE","HOU","177.70","0.00","0.00","0.00","0.00","0.00","0.00","82.00","106.00","777.00","3.00","77.70","18.00","1.00"
17,"Troy Franklin","WR","DEN","177.10","5.00","2.40","12.00","0.00","1.20","0.00","65.00","104.00","709.00","6.00","70.90","36.00","1.00"
12,"Brock Bowers","TE","LVR","176.20","2.00","1.00","2.00","0.00","0.20","0.00","64.00","86.00","680.00","7.00","68.00","42.00","0.00"
16,"Jakobi Meyers","WR","2TM","175.80","5.00","2.60","13.00","0.00","1.30","0.00","75.00","110.00","835.00","3.00","83.50","18.00","1.00"
15,"Jauan Jennings","WR","SFO","173.30","0.00","0.00","0.00","0.00","0.00","0.00","55.00","90.00","643.00","9.00","64.30","54.00","1.00"
14,"Quentin Johnston","WR","LAC","171.20","2.00","3.50","7.00","0.00","0.70","0.00","51.00","84.00","735.00","8.00","73.50","48.00","1.00"
17,"D.J. Moore","WR","CHI","170.20","15.00","5.27","79.00","1.00","7.90","6.00","50.00","85.00","682.00","6.00","68.20","36.00","1.00"
14,"Quinshon Judkins","RB","CLE","169.80","230.00","3.60","827.00","7.00","82.70","42.00","26.00","36.00","171.00","0.00","17.10","0.00","0.00"
16,"Khalil Shakir","WR","BUF","166.40","1.00","5.00","5.00","0.00","0.50","0.00","72.00","95.00","719.00","4.00","71.90","24.00","1.00"
16,"Romeo Doubs","WR","GNB","165.40","0.00","0.00","0.00","0.00","0.00","0.00","55.00","85.00","724.00","6.00","72.40","36.00","1.00"
16,"Colston Loveland","TE","CHI","165.10","1.00","-2.00","-2.00","0.00","-0.20","0.00","58.00","82.00","713.00","6.00","71.30","36.00","0.00"
17,"Tre Tucker","WR","LVR","161.70","11.00","4.64","51.00","0.00","5.10","0.00","57.00","92.00","696.00","5.00","69.60","30.00","0.00"
11,"George Kittle","TE","SFO","161.50","1.00","-3.00","-3.00","0.00","-0.30","0.00","57.00","69.00","628.00","7.00","62.80","42.00","0.00"
15,"Tyrone Tracy Jr.","RB","NYG","160.80","176.00","4.20","740.00","2.00","74.00","12.00","36.00","48.00","288.00","2.00","28.80","12.00","1.00"
18,"Rashid Shaheed","WR","2TM","156.60","9.00","7.67","69.00","0.00","6.90","0.00","59.00","92.00","687.00","2.00","68.70","12.00","2.00"
16,"Woody Marks","RB","HOU","151.10","196.00","3.59","703.00","2.00","70.30","12.00","24.00","36.00","208.00","3.00","20.80","18.00","1.00"
8,"Rashee Rice","WR","KAN","150.10","5.00","4.00","20.00","1.00","2.00","6.00","53.00","78.00","571.00","5.00","57.10","30.00","2.00"
17,"Kareem Hunt","RB","KAN","145.40","163.00","3.75","611.00","8.00","61.10","48.00","18.00","25.00","143.00","1.00","14.30","6.00","2.00"
17,"Rachaad White","RB","TAM","143.00","132.00","4.33","572.00","4.00","57.20","24.00","40.00","45.00","218.00","0.00","21.80","0.00","0.00"
17,"Jacory Croskey-Merritt","RB","WAS","140.30","175.00","4.60","805.00","8.00","80.50","48.00","9.00","13.00","68.00","0.00","6.80","0.00","4.00"
14,"Brian Thomas","WR","JAX","138.80","3.00","7.00","21.00","1.00","2.10","6.00","48.00","91.00","707.00","2.00","70.70","12.00","0.00"
10,"Bucky Irving","RB","TAM","138.50","173.00","3.40","588.00","1.00","58.80","6.00","30.00","35.00","277.00","3.00","27.70","18.00","1.00"
14,"Jordan Addison","WR","MIN","135.10","2.00","40.50","81.00","1.00","8.10","6.00","42.00","79.00","610.00","3.00","61.00","18.00","0.00"
10,"Christian Watson","WR","GNB","132.40","1.00","3.00","3.00","0.00","0.30","0.00","35.00","55.00","611.00","6.00","61.10","36.00","0.00"
17,"Mark Andrews","TE","BAL","131.00","10.00","4.80","48.00","1.00","4.80","6.00","48.00","70.00","422.00","5.00","42.20","30.00","1.00"
16,"Jordan Mason","RB","MIN","128.90","159.00","4.77","758.00","6.00","75.80","36.00","14.00","16.00","51.00","0.00","5.10","0.00","3.00"
15,"Theo Johnson","TE","NYG","127.80","0.00","0.00","0.00","0.00","0.00","0.00","45.00","74.00","528.00","5.00","52.80","30.00","0.00"
12,"Marvin Harrison Jr.","WR","ARI","127.80","0.00","0.00","0.00","0.00","0.00","0.00","41.00","73.00","608.00","4.00","60.80","24.00","0.00"
13,"Zach Ertz","TE","WAS","126.40","0.00","0.00","0.00","0.00","0.00","0.00","50.00","72.00","504.00","4.00","50.40","24.00","1.00"
17,"Chimere Dike","WR","TEN","126.10","11.00","1.64","18.00","0.00","1.80","0.00","48.00","74.00","423.00","4.00","42.30","24.00","2.00"
12,"Dalton Kincaid","TE","BUF","126.10","0.00","0.00","0.00","0.00","0.00","0.00","39.00","49.00","571.00","5.00","57.10","30.00","1.00"
15,"Chuba Hubbard","RB","CAR","125.40","134.00","3.81","511.00","1.00","51.10","6.00","30.00","39.00","223.00","3.00","22.30","18.00","1.00"
17,"Chig Okonkwo","TE","TEN","124.00","0.00","0.00","0.00","0.00","0.00","0.00","56.00","79.00","560.00","2.00","56.00","12.00","0.00"
17,"Jerry Jeudy","WR","CLE","120.70","1.00","5.00","5.00","0.00","0.50","0.00","50.00","106.00","602.00","2.00","60.20","12.00","1.00"
17,"Malik Washington","WR","MIA","116.70","17.00","6.47","110.00","1.00","11.00","6.00","46.00","65.00","317.00","3.00","31.70","18.00","1.00"
11,"Alvin Kamara","RB","NOR","100.70","131.00","3.60","471.00","1.00","47.10","6.00","33.00","39.00","186.00","0.00","18.60","0.00","2.00"
7,"Garrett Wilson","WR","NYJ","99.50","0.00","0.00","0.00","0.00","0.00","0.00","36.00","59.00","395.00","4.00","39.50","24.00","1.00"
13,"Mason Taylor","TE","NYJ","88.90","0.00","0.00","0.00","0.00","0.00","0.00","44.00","65.00","369.00","1.00","36.90","6.00","0.00"
16,"Adonai Mitchell","WR","2TM","87.90","1.00","-4.00","-4.00","0.00","-0.40","0.00","33.00","74.00","453.00","2.00","45.30","12.00","1.00"
7,"Xavier Gipson","WR","3TM","-1.40","0.00","0.00","0.00","0.00","0.00","0.00","2.00","2.00","6.00","0.00","0.60","0.00","3.00"
