"games","player","position","team","points","pts_per_target","targets","receptions","catch_percentage","rec_yd_pts","rec_td_pts","rush_ypa","rush_yd_pts","rush_td_pts","fumbles"
16,"Puka Nacua","WR","LAR","375.00","2.26","166.00","129.00",78,"171.50","60.00","10.50","10.50","6.00","1.00"
17,"Jaxon Smith-Njigba","WR","SEA","359.90","2.21","163.00","119.00",73,"179.30","60.00","5.14","3.60","0.00","3.00"
17,"Amon-Ra St. Brown","WR","DET","324.00","1.88","172.00","117.00",68,"140.10","66.00","3.00","0.90","0.00","1.00"
17,"Trey McBride","TE","ARI","315.90","1.87","169.00","126.00",75,"123.90","66.00","0.00","0.00","0.00","0.00"
16,"Ja'Marr Chase","WR","CIN","313.60","1.70","185.00","125.00",68,"141.20","48.00","4.67","1.40","0.00","1.00"
17,"George Pickens","WR","DAL","291.90","2.13","137.00","93.00",68,"142.90","54.00","0.00","0.00","0.00","4.00"
16,"Chris Olave","WR","NOR","268.00","1.72","156.00","100.00",64,"116.30","54.00","-3.00","-0.30","0.00","0.00"
17,"Zay Flowers","WR","BAL","243.30","2.06","118.00","86.00",73,"121.10","30.00","6.20","6.20","6.00","3.00"
15,"Nico Collins","WR","HOU","226.20","1.89","120.00","71.00",59,"111.70","36.00","7.50","1.50","6.00","1.00"
14,"Davante Adams","WR","LAR","222.90","1.96","114.00","60.00",53,"78.90","84.00","0.00","0.00","0.00","0.00"
17,"Michael Wilson","WR","ARI","220.60","1.75","126.00","78.00",62,"100.60","42.00","0.00","0.00","0.00","0.00"
15,"A.J. Brown","WR","PHI","220.30","1.82","121.00","78.00",64,"100.30","42.00","0.00","0.00","0.00","0.00"
17,"Jameson Williams","WR","DET","219.90","2.16","102.00","65.00",64,"111.70","42.00","2.00","1.20","0.00","0.00"
17,"Courtland Sutton","WR","DEN","219.70","1.77","124.00","74.00",60,"101.70","42.00","0.00","0.00","0.00","0.00"
16,"Wan'Dale Robinson","WR","NYG","217.90","1.56","140.00","92.00",66,"101.40","24.00","1.67","0.50","0.00","1.00"
15,"Tee Higgins","WR","CIN","211.60","2.16","98.00","59.00",60,"84.60","66.00","0.00","0.00","0.00","0.00"
17,"Tetairoa McMillan","WR","CAR","211.40","1.73","122.00","70.00",57,"101.40","42.00","0.00","0.00","0.00","1.00"
17,"Kyle Pitts","TE","ATL","210.80","1.79","118.00","88.00",75,"92.80","30.00","0.00","0.00","0.00","0.00"
17,"Stefon Diggs","WR","NWE","210.30","2.06","102.00","85.00",83,"101.30","24.00","0.00","0.00","0.00","0.00"
17,"Michael Pittman Jr.","WR","IND","202.40","1.82","111.00","80.00",72,"78.40","42.00","0.00","0.00","0.00","0.00"
12,"Drake London","WR","ATL","201.90","1.80","112.00","68.00",61,"91.90","42.00","0.00","0.00","0.00","1.00"
17,"DeVonta Smith","WR","PHI","201.80","1.79","113.00","77.00",68,"100.80","24.00","0.00","0.00","0.00","0.00"
17,"Justin Jefferson","WR","MIN","201.50","1.43","141.00","84.00",60,"104.80","12.00","3.50","0.70","0.00","0.00"
14,"CeeDee Lamb","WR","DAL","200.90","1.72","117.00","75.00",64,"107.70","18.00","2.00","0.20","0.00","0.00"
17,"Emeka Egbuka","WR","TAM","195.70","1.54","127.00","63.00",50,"93.80","36.00","4.50","0.90","0.00","0.00"
16,"Jaylen Waddle","WR","MIA","194.10","1.94","100.00","64.00",64,"91.00","36.00","14.00","2.80","0.00","1.00"
17,"Travis Kelce","TE","KAN","193.20","1.79","108.00","76.00",70,"85.10","30.00","1.00","0.10","0.00","1.00"
17,"Tyler Warren","TE","IND","188.50","1.68","112.00","76.00",68,"81.70","24.00","1.33","0.80","6.00","1.00"
16,"Deebo Samuel","WR","WAS","188.20","1.90","99.00","72.00",73,"72.70","30.00","4.41","7.50","6.00","3.00"
17,"Jake Ferguson","TE","DAL","188.10","1.84","102.00","82.00",80,"60.00","48.00","1.00","0.10","0.00","3.00"
15,"D.K. Metcalf","WR","PIT","187.20","1.89","99.00","59.00",60,"85.00","36.00","6.00","1.20","6.00","0.00"
16,"Harold Fannin","TE","CLE","186.40","1.74","107.00","72.00",67,"73.10","36.00","1.86","1.30","6.00","1.00"
15,"Dallas Goedert","TE","PHI","185.10","2.26","82.00","60.00",73,"59.10","66.00","0.00","0.00","0.00","0.00"
16,"Parker Washington","WR","JAX","184.70","1.94","95.00","58.00",61,"84.70","30.00","0.00","0.00","0.00","2.00"
15,"Alec Pierce","WR","IND","183.30","2.18","84.00","47.00",56,"100.30","36.00","0.00","0.00","0.00","0.00"
17,"Keenan Allen","WR","LAC","182.70","1.50","122.00","81.00",66,"77.70","24.00","0.00","0.00","0.00","2.00"
16,"Ladd McConkey","WR","LAC","180.90","1.71","106.00","66.00",62,"78.90","36.00","0.00","0.00","0.00","0.00"
17,"Juwan Johnson","TE","NOR","179.90","1.76","102.00","77.00",75,"88.90","18.00","0.00","0.00","0.00","2.00"
17,"Hunter Henry","TE","NWE","178.80","2.06","87.00","60.00",69,"76.80","42.00","0.00","0.00","0.00","0.00"
17,"Dalton Schultz","TE","HOU","177.70","1.68","106.00","82.00",77,"77.70","18.00","0.00","0.00","0.00","1.00"
17,"Troy Franklin","WR","DEN","177.10","1.70","104.00","65.00",63,"70.90","36.00","2.40","1.20","0.00","1.00"
12,"Brock Bowers","TE","LVR","176.20","2.05","86.00","64.00",74,"68.00","42.00","1.00","0.20","0.00","0.00"
16,"Jakobi Meyers","WR","2TM","175.80","1.60","110.00","75.00",68,"83.50","18.00","2.60","1.30","0.00","1.00"
15,"Jauan Jennings","WR","SFO","173.30","1.93","90.00","55.00",61,"64.30","54.00","0.00","0.00","0.00","1.00"
14,"Quentin Johnston","WR","LAC","171.20","2.04","84.00","51.00",61,"73.50","48.00","3.50","0.70","0.00","1.00"
17,"D.J. Moore","WR","CHI","170.20","2.00","85.00","50.00",59,"68.20","36.00","5.27","7.90","6.00","1.00"
16,"Khalil Shakir","WR","BUF","166.40","1.75","95.00","72.00",76,"71.90","24.00","5.00","0.50","0.00","1.00"
16,"Romeo Doubs","WR","GNB","165.40","1.95","85.00","55.00",65,"72.40","36.00","0.00","0.00","0.00","1.00"
16,"Colston Loveland","TE","CHI","165.10","2.01","82.00","58.00",71,"71.30","36.00","-2.00","-0.20","0.00","0.00"
17,"Tre Tucker","WR","LVR","161.70","1.76","92.00","57.00",62,"69.60","30.00","4.64","5.10","0.00","0.00"
11,"George Kittle","TE","SFO","161.50","2.34","69.00","57.00",83,"62.80","42.00","-3.00","-0.30","0.00","0.00"
18,"Rashid Shaheed","WR","2TM","156.60","1.70","92.00","59.00",64,"68.70","12.00","7.67","6.90","0.00","2.00"
8,"Rashee Rice","WR","KAN","150.10","1.92","78.00","53.00",68,"57.10","30.00","4.00","2.00","6.00","2.00"
17,"AJ Barner","TE","SEA","147.30","2.17","68.00","52.00",76,"51.90","36.00","1.40","1.40","6.00","2.00"
12,"Rome Odunze","WR","CHI","146.10","1.62","90.00","44.00",49,"66.10","36.00","0.00","0.00","0.00","0.00"
14,"Brian Thomas","WR","JAX","138.80","1.53","91.00","48.00",53,"70.70","12.00","7.00","2.10","6.00","0.00"
16,"Marquise Brown","WR","KAN","137.70","1.86","74.00","49.00",66,"58.70","30.00","0.00","0.00","0.00","1.00"
14,"Jordan Addison","WR","MIN","135.10","1.71","79.00","42.00",53,"61.00","18.00","40.50","8.10","6.00","0.00"
10,"Christian Watson","WR","GNB","132.40","2.41","55.00","35.00",64,"61.10","36.00","3.00","0.30","0.00","0.00"
17,"Mark Andrews","TE","BAL","131.00","1.87","70.00","48.00",69,"42.20","30.00","4.80","4.80","6.00","1.00"
15,"Colby Parkinson","TE","LAR","129.80","2.32","56.00","43.00",77,"40.80","48.00","0.00","0.00","0.00","1.00"
17,"Jayden Higgins","WR","HOU","129.50","1.90","68.00","41.00",60,"52.50","36.00","0.00","0.00","0.00","0.00"
12,"Marvin Harrison Jr.","WR","ARI","127.80","1.75","73.00","41.00",56,"60.80","24.00","0.00","0.00","0.00","0.00"
15,"Theo Johnson","TE","NYG","127.80","1.73","74.00","45.00",61,"52.80","30.00","0.00","0.00","0.00","0.00"
13,"Zach Ertz","TE","WAS","126.40","1.76","72.00","50.00",69,"50.40","24.00","0.00","0.00","0.00","1.00"
17,"Chimere Dike","WR","TEN","126.10","1.70","74.00","48.00",65,"42.30","24.00","1.64","1.80","0.00","2.00"
12,"Dalton Kincaid","TE","BUF","126.10","2.57","49.00","39.00",80,"57.10","30.00","0.00","0.00","0.00","1.00"
14,"Kayshon Boutte","WR","NWE","124.10","2.70","46.00","33.00",72,"55.10","36.00","0.00","0.00","0.00","0.00"
17,"Chig Okonkwo","TE","TEN","124.00","1.57","79.00","56.00",71,"56.00","12.00","0.00","0.00","0.00","0.00"
16,"Cade Otton","TE","TAM","122.20","1.51","81.00","59.00",73,"57.20","6.00","0.00","0.00","0.00","0.00"
17,"Jerry Jeudy","WR","CLE","120.70","1.14","106.00","50.00",47,"60.20","12.00","5.00","0.50","0.00","1.00"
12,"Brenton Strange","TE","JAX","118.00","1.97","60.00","46.00",77,"54.00","18.00","0.00","0.00","0.00","0.00"
17,"Malik Washington","WR","MIA","116.70","1.80","65.00","46.00",71,"31.70","18.00","6.47","11.00","6.00","1.00"
16,"Elic Ayomanor","WR","TEN","116.50","1.31","89.00","41.00",46,"51.50","24.00","0.00","0.00","0.00","0.00"
16,"Cooper Kupp","WR","SEA","116.30","1.66","70.00","47.00",67,"59.30","12.00","0.00","0.00","0.00","1.00"
10,"Terry McLaurin","WR","WAS","114.20","1.90","60.00","38.00",63,"58.20","18.00","0.00","0.00","0.00","0.00"
17,"Pat Freiermuth","TE","PIT","113.60","2.10","54.00","41.00",76,"48.60","24.00","0.00","0.00","0.00","0.00"
15,"T.J. Hockenson","TE","MIN","112.80","1.71","66.00","51.00",77,"43.80","18.00","0.00","0.00","0.00","0.00"
9,"Sam LaPorta","TE","DET","106.90","2.18","49.00","40.00",82,"48.90","18.00","0.00","0.00","0.00","0.00"
17,"Dawson Knox","TE","BUF","103.70","2.12","49.00","36.00",73,"41.70","24.00","0.00","0.00","0.00","0.00"
16,"Evan Engram","TE","DEN","102.80","1.35","76.00","50.00",66,"46.10","6.00","7.00","0.70","0.00","0.00"
7,"Garrett Wilson","WR","NYJ","99.50","1.69","59.00","36.00",61,"39.50","24.00","0.00","0.00","0.00","1.00"
14,"Darius Slayton","WR","NYG","98.80","1.57","63.00","37.00",59,"53.80","6.00","0.00","0.00","0.00","1.00"
17,"Jake Tonges","TE","SFO","93.30","2.03","46.00","34.00",74,"29.30","30.00","0.00","0.00","0.00","0.00"
16,"Tez Johnson","WR","TAM","92.40","2.10","44.00","28.00",64,"32.20","30.00","3.14","2.20","0.00","0.00"
11,"Jalen Coker","WR","CAR","90.40","2.10","43.00","33.00",77,"39.40","18.00","0.00","0.00","0.00","1.00"
17,"Andrei Iosivas","WR","CIN","89.90","1.55","58.00","33.00",57,"43.50","12.00","4.67","1.40","0.00","0.00"
15,"Xavier Legette","WR","CAR","89.30","1.40","64.00","35.00",55,"36.30","18.00","0.00","0.00","0.00","1.00"
13,"Mason Taylor","TE","NYJ","88.90","1.37","65.00","44.00",68,"36.90","6.00","0.00","0.00","0.00","0.00"
9,"Darren Waller","TE","MIA","88.70","2.61","34.00","24.00",71,"28.30","36.00","4.00","0.40","0.00","0.00"
16,"Adonai Mitchell","WR","2TM","87.90","1.19","74.00","33.00",45,"45.30","12.00","-4.00","-0.40","0.00","1.00"
12,"David Njoku","TE","CLE","86.30","1.80","48.00","33.00",69,"29.30","24.00","0.00","0.00","0.00","0.00"
14,"Calvin Austin III","WR","PIT","86.20","1.57","55.00","31.00",56,"37.20","18.00","0.00","0.00","0.00","0.00"
15,"Darnell Mooney","WR","ATL","82.30","1.14","72.00","32.00",44,"44.30","6.00","0.00","0.00","0.00","2.00"
13,"Michael Mayer","TE","LVR","73.80","1.48","50.00","35.00",70,"32.80","6.00","0.00","0.00","0.00","1.00"
17,"DeAndre Hopkins","WR","BAL","67.00","1.72","39.00","22.00",56,"33.00","12.00","0.00","0.00","0.00","0.00"
13,"Devaughn Vele","WR","NOR","66.30","1.70","39.00","25.00",64,"29.30","12.00","0.00","0.00","0.00","0.00"
15,"Isaiah Williams","WR","NYJ","58.70","1.63","36.00","26.00",72,"19.30","0.00","11.33","3.40","0.00","1.00"
7,"Xavier Gipson","WR","3TM","-1.40","-0.70","2.00","2.00",100,"0.60","0.00","0.00","0.00","0.00","3.00"
