"player_id","count"
"HallBr03","2"
"JoneDa05","2"
"MariMa01","2"
"DarnSa00","2"
"DaltAn00","2"
"FielJu00","2"
"OConAi00","2"
"LawrTr00","2"
"CousKi00","2"
"PurdBr00","2"
"WillMa12","2"
"TagoTu00","2"
"McCaJJ00","2"
"McKeTa01","2"
"SandSh00","2"
"JoneMa05","2"
"GabrDi00","2"
"ShouTy00","2"
"HurtJa00","2"
"TrubMi00","2"
"WillIs03","2"
"PresDa01","2"
"WentCa00","2"
"MahoPa00","2"
"DobbJo00","2"
"AlleKy00","2"
"BrisJa00","2"
"LockDr00","2"
"SmitGe00","2"
"HillTa00","2"
"FlacJo00","2"
"CookBr03","2"
"MontDa01","2"
"PeniMi00","2"
"BageTy00","2"
"HenrDe00","2"
"YounBr01","2"
"AkerCa00","2"
"LoveJo03","2"
"WaddJa00","2"
"RushCo00","2"
"KuppCo00","2"
"DaniJa02","2"
"MurrKy00","2"
"BrosMa00","2"
"RudoMa00","2"
"WarrTy00","2"
"LeonRi02","2"
"OladCh00","2"
"WinsJa00","2"
"HarvRJ00","2"
"AlleJo02","2"
"AlleBr00","2"
"PickKe00","2"
"WilsZa00","2"
"McCaCh01","2"
"TaylTy00","2"
"MayfBa00","2"
"NixxBo00","2"
"WilsRu00","2"
"BridTe00","2"
"RivePh00","2"
"HuntTy01","2"
"MillDa02","2"
"WillCa03","2"
"MayeDr00","2"
"EwerQu00","2"
"TuneCl00","2"
"RattSp00","2"
"StroCJ00","2"
"MinsGa00","2"
"KmetCo00","2"
"BrowJa08","2"
"RichAn03","2"
"OlszGu00","2"
"BurrJo01","2"
"WardCa00","2"
"MoorD.00","2"
"OlavCh00","2"
"MullNi00","2"
"LancTr00","2"
"GoffJa00","2"
"BuecSh00","2"
"MiltJo00","2"
"JohnJo05","2"
"RodgAa00","2"
"SlovKe00","2"
"JackLa00","2"
"StafMa00","2"
"DartJa00","2"
"HerbJu00","2"
